keyword,n_postings,median_pay,mean_pay,vs_overall_pct,p_value,cliffs_delta,effect,significant_fdr
attorney,186,105.0,97.82795698924731,366.6666666666667,2.3051921887872483e-78,0.7937111480491683,large,True
lawyer,213,90.0,84.22769953051643,300.0,3.515072629343231e-78,0.7409106472658369,large,True
grant,171,57.5,57.02046783625731,155.55555555555554,1.7928497848379707e-52,0.6733085341973268,large,True
cryptocurrency,233,55.0,56.761802575107296,144.44444444444446,1.1694601815383041e-58,0.6111936712656483,large,True
cpa,188,53.75,57.755319148936174,138.88888888888889,5.6288911872075045e-36,0.5275294772809656,large,True
tax,654,50.0,54.506116207951074,122.22222222222223,2.7066332366693627e-97,0.47387809925497604,large,True
consultation,337,49.5,56.69287833827893,120.00000000000001,7.491737904118681e-67,0.543890947914706,large,True
videographer,407,42.5,53.466830466830466,88.88888888888889,3.8793458301591467e-109,0.6361402505400302,large,True
consultant,905,40.0,48.85635359116022,77.77777777777777,8.797223523376832e-123,0.4540615414064897,medium,True
over,292,40.0,38.77054794520548,77.77777777777777,8.860417834226246e-18,0.29043988813399224,small,True
voice,418,40.0,37.421052631578945,77.77777777777777,1.6932654367754835e-25,0.29517962237927553,small,True
pitch,209,40.0,45.94976076555024,77.77777777777777,3.323693075997427e-31,0.4642527670619303,medium,True
resume,187,37.5,43.47860962566845,66.66666666666667,2.0249999176666324e-21,0.4014286834918792,medium,True
nft,252,37.5,42.279761904761905,66.66666666666667,4.7666182194952564e-35,0.4495743913598531,medium,True
consulting,286,37.5,47.05769230769231,66.66666666666667,6.533883843665626e-29,0.3812897194926619,medium,True
run,167,37.5,52.21556886227545,66.66666666666667,1.2585774056994142e-15,0.3574765855020525,medium,True
photographer,338,37.5,49.59319526627219,66.66666666666667,2.4037565027118054e-55,0.49270124899081513,large,True
investment,187,37.5,43.606951871657756,66.66666666666667,3.290853472115327e-14,0.3204395837568066,small,True
blockchain,350,37.5,42.01714285714286,66.66666666666667,1.2910910237624468e-50,0.4623302625556993,medium,True
corporate,192,37.5,50.161458333333336,66.66666666666667,7.806524682536778e-25,0.4289594044979099,medium,True
escritores,184,36.0,31.720108695652176,60.00000000000001,4.979830895507152e-13,0.3076865860093392,small,True
financial,546,35.0,43.38278388278388,55.55555555555556,1.9424964606340593e-37,0.31664139692283744,small,True
trading,199,35.0,39.55778894472362,55.55555555555556,7.381847429068047e-17,0.34153834074335787,medium,True
security,209,35.0,38.717703349282296,55.55555555555556,4.401554257640167e-16,0.32474137089285526,small,True
deck,298,35.0,42.95302013422819,55.55555555555556,1.1287352048330592e-37,0.42949189300673085,medium,True
contract,375,35.0,49.537333333333336,55.55555555555556,3.3281333558040543e-29,0.3349159044140091,medium,True
proposal,151,35.0,43.90066225165563,55.55555555555556,5.399527331159227e-19,0.41844888815494485,medium,True
strategy,371,35.0,45.26145552560647,55.55555555555556,2.208169776759369e-30,0.3438369325357622,medium,True
architect,326,35.0,39.604294478527606,55.55555555555556,1.2114880830205296e-32,0.38089054065579964,medium,True
powerpoint,292,34.0,34.51541095890411,51.11111111111111,3.5164093953674314e-14,0.2562753266301978,small,True
presentation,397,34.0,35.55415617128463,51.11111111111111,2.300053910133328e-23,0.28900857041768946,small,True
web3,213,34.0,37.117370892018776,51.11111111111111,1.253443278674533e-16,0.32765885370553627,small,True
legal,423,33.5,54.835697399527184,48.88888888888889,3.826953681113041e-27,0.3033900236616147,small,True
azure,302,32.5,38.311258278145694,44.44444444444444,1.3538228004605047e-22,0.3252938357111623,small,True
script,498,32.5,33.65562248995984,44.44444444444444,1.0503660674626618e-22,0.25423318633963565,small,True
cloud,311,32.5,35.62218649517685,44.44444444444444,3.296815896838955e-19,0.29359313893219774,small,True
you,327,32.5,66.13761467889908,44.44444444444444,1.5583195494282112e-16,0.2637768770128699,small,True
salesforce,281,32.5,37.286476868327405,44.44444444444444,1.3874104340360047e-21,0.3289786700190369,small,True
aws,464,32.5,36.307112068965516,44.44444444444444,1.5752443621412115e-25,0.28041285534534,small,True
devops,303,32.5,36.417491749174914,44.44444444444444,1.8317083324672753e-23,0.33141219296375657,medium,True
review,486,32.5,43.68930041152263,44.44444444444444,1.2479379536749983e-26,0.2802670163477361,small,True
analytics,411,32.5,37.40389294403893,44.44444444444444,4.091435094759084e-27,0.3075930716628681,small,True
microsoft,409,32.5,40.61002444987775,44.44444444444444,4.10158515132722e-31,0.3316803821585612,medium,True
server,334,32.5,37.76047904191617,44.44444444444444,1.0288944485057779e-19,0.28736976607037557,small,True
automate,150,32.5,34.17666666666667,44.44444444444444,3.343084683923175e-07,0.2406228027103996,small,True
configuration,159,32.5,38.710691823899374,44.44444444444444,3.2745102772721686e-14,0.3474927132678214,medium,True
network,232,32.5,36.45043103448276,44.44444444444444,3.8979296540440786e-10,0.2373705960836463,small,True
senior,952,30.5,36.15598739495798,35.555555555555564,1.7386244442087933e-52,0.2864975939363408,small,True
engineer,1529,30.5,36.74329627207325,35.555555555555564,9.242069619136374e-76,0.2738950587693778,small,True
audit,206,30.0,37.70873786407767,33.33333333333333,2.2473759939140574e-10,0.25530819394138615,small,True
strategist,351,30.0,36.73504273504273,33.33333333333333,7.794351446679418e-10,0.18973169568238024,small,True
machine,211,30.0,39.59241706161137,33.33333333333333,2.8710142683267935e-16,0.32525599301845687,small,True
copywriter,621,30.0,34.524959742351044,33.33333333333333,9.93556497870438e-20,0.21113649907500087,small,True
hubspot,407,30.0,35.394348894348894,33.33333333333333,7.283005201503686e-23,0.28214624921670994,small,True
tracking,290,30.0,35.508620689655174,33.33333333333333,8.656456704643585e-14,0.2531574537434669,small,True
bot,256,30.0,32.685546875,33.33333333333333,3.057466604566209e-10,0.22736179956896563,small,True
power,381,30.0,32.1745406824147,33.33333333333333,1.1438463220577255e-10,0.19095044785196236,small,True
crypto,411,30.0,37.92457420924574,33.33333333333333,5.6554657491896834e-11,0.1868981475452327,small,True
modeling,152,30.0,38.76973684210526,33.33333333333333,2.7561412052870225e-08,0.2602684223952212,small,True
zapier,211,30.0,33.71090047393365,33.33333333333333,2.9608746229066757e-09,0.235979563646173,small,True
event,412,30.0,36.04004854368932,33.33333333333333,5.466018537049345e-16,0.23077452953215793,small,True
implementation,308,30.0,36.717532467532465,33.33333333333333,1.448085685463489e-17,0.2809499335895005,small,True
performance,222,30.0,36.68018018018018,33.33333333333333,6.453912965341307e-10,0.2395775500096955,small,True
dashboard,292,30.0,33.61472602739726,33.33333333333333,7.791899524742627e-15,0.2628089211990545,small,True
photography,170,30.0,36.194117647058825,33.33333333333333,5.121104044272451e-06,0.20198392364597395,small,True
sql,177,30.0,34.4774011299435,33.33333333333333,1.8659329943327854e-07,0.22628222193400993,small,True
non,197,30.0,43.09644670050761,33.33333333333333,4.5518705013356256e-11,0.27100227375100294,small,True
report,218,30.0,34.81192660550459,33.33333333333333,1.9606055266164117e-10,0.24901824406454365,small,True
analysis,470,30.0,34.89148936170213,33.33333333333333,4.1934370012758775e-12,0.18490757170143257,small,True
system,554,29.75,35.64620938628159,32.22222222222222,6.027110873456777e-27,0.2642474224219822,small,True
model,440,29.25,36.273863636363636,30.000000000000004,3.8564911398038727e-19,0.24651244436423259,small,True
plan,322,29.0,38.60403726708075,28.888888888888896,1.685258868266149e-16,0.26549815044735947,small,True
not,152,29.0,51.41447368421053,28.888888888888896,5.535063831000481e-06,0.21282452015186126,small,True
packaging,205,29.0,30.778048780487804,28.888888888888896,4.222196289206902e-07,0.20409468697360023,small,True
learning,293,29.0,35.77815699658703,28.888888888888896,2.090302090577966e-12,0.23728977904314674,small,True
startup,559,28.5,36.51252236135957,26.66666666666666,8.20247473550682e-12,0.1672860055085712,small,True
coach,239,28.5,39.34728033472803,26.66666666666666,4.593216426178871e-07,0.18845168690329306,small,True
conversion,396,28.5,36.92929292929293,26.66666666666666,1.796354995244414e-14,0.2226962597211839,small,True
custom,704,28.5,32.19247159090909,26.66666666666666,1.1920476082090258e-24,0.22370091972277972,small,True
improve,190,28.0,31.176315789473684,24.444444444444446,0.0005148707062675945,0.14553177506740012,negligible,True
chatbot,190,28.0,33.10263157894737,24.444444444444446,4.736896233312066e-07,0.21106126681857518,small,True
training,304,27.5,32.3125,22.222222222222232,6.750243786544443e-06,0.1492095957441859,negligible,True
software,982,27.5,34.08146639511202,22.222222222222232,1.656145781116883e-23,0.1848935778394034,small,True
identity,181,27.5,32.8646408839779,22.222222222222232,3.077249163459213e-10,0.2702510514409262,small,True
artist,568,27.5,31.889964788732396,22.222222222222232,7.71728846595454e-16,0.19567455483819396,small,True
director,164,27.5,35.98780487804878,22.222222222222232,3.231915686858402e-06,0.20995730851380423,small,True
tool,229,27.5,31.986899563318776,22.222222222222232,6.673850476998466e-08,0.20614854098811963,small,True
expertise,375,27.5,34.31066666666667,22.222222222222232,4.54173552841313e-08,0.1632596291527002,small,True
workflow,150,27.5,31.566666666666666,22.222222222222232,9.488073720966773e-05,0.18405403195473347,small,True
motion,207,27.5,31.71256038647343,22.222222222222232,6.693066929397702e-07,0.19955171887505774,small,True
finance,210,27.5,38.94761904761905,22.222222222222232,4.7186737795944875e-05,0.16220984684063233,small,True
process,194,27.5,33.646907216494846,22.222222222222232,0.00032685201539968964,0.14900838034104913,negligible,True
engineering,205,27.5,37.33658536585366,22.222222222222232,3.1439002786688697e-07,0.2063521431069193,small,True
game,539,27.5,31.176252319109462,22.222222222222232,8.439538523330232e-13,0.17829161437880225,small,True
reporting,155,27.5,31.835483870967742,22.222222222222232,0.0017842495868760386,0.14491349209462911,negligible,True
programmer,158,27.5,32.08860759493671,22.222222222222232,9.038462005564508e-06,0.20395217313028846,small,True
studio,223,27.5,32.23094170403587,22.222222222222232,4.5513209622566005e-06,0.17735721805124216,small,True
develop,313,27.5,31.677316293929714,22.222222222222232,1.4436331936234331e-11,0.22067371219205723,small,True
food,215,27.5,35.54186046511628,22.222222222222232,1.3840016594384602e-07,0.2075240754297647,small,True
automation,840,27.5,30.11190476190476,22.222222222222232,5.6735215081713314e-12,0.13770879044851658,negligible,True
zoho,244,27.5,30.868852459016395,22.222222222222232,8.450277066413082e-05,0.1454096075429212,negligible,True
back,200,27.5,33.2725,22.222222222222232,8.84495113349337e-07,0.2007887343450132,small,True
cover,154,27.25,33.62987012987013,21.111111111111104,7.995037279977856e-08,0.24977896101854768,small,True
analyst,670,27.0,34.33432835820896,19.999999999999996,1.3918369083638236e-09,0.13547066155974408,negligible,True
branding,311,27.0,31.705787781350484,19.999999999999996,1.8893697070074585e-08,0.18424587383169366,small,True
issue,196,26.75,34.058673469387756,18.88888888888889,9.89081012926816e-06,0.18234954620668908,small,True
ugc,288,26.5,30.461805555555557,17.777777777777782,1.6093918981896106e-07,0.178423008281255,small,True
brand,1432,26.5,30.86731843575419,17.777777777777782,2.871258271244696e-17,0.12980470396703003,negligible,True
meta,433,26.5,34.712471131639724,17.777777777777782,2.4280272320442706e-06,0.1310129547690735,negligible,True
backend,411,26.5,31.51824817518248,17.777777777777782,9.801728108883946e-12,0.19422260266368996,small,True
launch,223,26.5,33.199551569506724,17.777777777777782,0.0022239109825709764,0.11832567454474963,negligible,True
migration,291,26.5,33.37800687285223,17.777777777777782,3.680616756386653e-09,0.19980720831746246,small,True
experts,150,26.25,33.20333333333333,16.666666666666675,0.06595233586371739,0.08670275925199422,negligible,False
about,177,26.0,33.18079096045198,15.555555555555545,0.004857432761153767,0.12226782611857301,negligible,True
health,366,26.0,29.868852459016395,15.555555555555545,0.008776783491618232,0.07919234449513546,negligible,True
understand,152,26.0,27.601973684210527,15.555555555555545,0.010303354659226618,0.12017311069469927,negligible,True
writers,301,26.0,26.56644518272425,15.555555555555545,0.046974411794309744,0.06617445280898515,negligible,False
newsletter,156,26.0,29.17948717948718,15.555555555555545,0.0014353143809954871,0.14738414197623095,negligible,True
write,507,26.0,32.438856015779095,15.555555555555545,8.660243989519905e-11,0.1667228051294236,small,True
para,310,26.0,24.688709677419354,15.555555555555545,0.8473795446233197,0.006317825747238048,negligible,False
program,250,26.0,30.652,15.555555555555545,0.00042418255415089325,0.12879721877523687,negligible,True
espa,320,26.0,28.1296875,15.555555555555545,0.0030936283700947293,0.09558395009750043,negligible,True
writer,1874,26.0,32.075773745997864,15.555555555555545,1.6062041989966982e-30,0.15451551192539137,small,True
end,649,25.5,30.140215716486903,13.33333333333333,1.797639076486622e-10,0.1449407892945873,negligible,True
proofreading,172,25.5,26.162790697674417,13.33333333333333,0.05601644874394088,0.08415477518041414,negligible,False
setup,1048,25.5,32.38692748091603,13.33333333333333,1.7887903606271778e-17,0.15242641468386386,small,True
that,475,25.5,28.001052631578947,13.33333333333333,0.026267873376284872,0.05897819109436031,negligible,True
typescript,151,25.5,29.91390728476821,13.33333333333333,0.0015555028634595311,0.14870429998189771,negligible,True
proofreader,159,25.5,23.88993710691824,13.33333333333333,0.5392015160162196,0.028122949321367052,negligible,False
api,849,25.5,30.937573616018845,13.33333333333333,8.853844709135115e-19,0.17599079190205047,small,True
integration,985,25.5,32.213197969543145,13.33333333333333,6.023553341865376e-28,0.20248443654621417,small,True
article,191,25.5,27.709424083769633,13.33333333333333,0.002028374461797081,0.12898218831218577,negligible,True
after,153,25.0,30.107843137254903,11.111111111111116,0.022060188234310964,0.10688722026728725,negligible,True
art,202,25.0,28.611386138613863,11.111111111111116,0.05971798322679577,0.07652938207450566,negligible,False
manual,277,25.0,33.25992779783393,11.111111111111116,0.00017848485257337978,0.13012137984076055,negligible,True
creating,244,25.0,30.64344262295082,11.111111111111116,0.002953428721879902,0.10994867151702103,negligible,True
ads,2723,25.0,33.15258905618803,11.111111111111116,3.2736580680999447e-25,0.11628982542438515,negligible,True
illustrator,323,25.0,26.76625386996904,11.111111111111116,0.011195557704129019,0.0815764212025285,negligible,True
database,367,25.0,31.055858310626704,11.111111111111116,0.00010483626164474666,0.11706277250768737,negligible,True
template,423,25.0,28.754137115839242,11.111111111111116,0.0005608757173255112,0.09699993404371021,negligible,True
platform,742,25.0,35.32008086253369,11.111111111111116,6.00742336355749e-16,0.17199828842420972,small,True
with,5576,25.0,30.079537302725967,11.111111111111116,1.8693895697904352e-17,0.0675745648539452,negligible,True
product,1921,25.0,29.437532535137947,11.111111111111116,0.000846426338257395,0.04436077007483963,negligible,True
javascript,273,25.0,29.313186813186814,11.111111111111116,0.0032470083426103654,0.10293811849269208,negligible,True
mobile,1018,25.0,31.50147347740668,11.111111111111116,3.4666469774181036e-11,0.12043178856713843,negligible,True
redesign,384,25.0,29.938802083333332,11.111111111111116,7.68016822242034e-06,0.13200092374117234,negligible,True
designer,5692,25.0,27.434820801124385,11.111111111111116,8.417995018999541e-28,0.08602696167135471,negligible,True
house,174,25.0,26.31896551724138,11.111111111111116,0.32739590063462276,0.04288262634197437,negligible,False
children,161,25.0,28.788819875776397,11.111111111111116,0.006829528897676084,0.12312359429519049,negligible,True
commercial,223,25.0,36.55156950672646,11.111111111111116,0.008264355526239114,0.10217392835323724,negligible,True
skilled,273,25.0,27.435897435897434,11.111111111111116,0.4400391446012134,0.02700388831302636,negligible,False
testing,362,25.0,32.3646408839779,11.111111111111116,0.004476867409728322,0.08636670902803201,negligible,True
images,263,25.0,23.749049429657795,11.111111111111116,0.27204134894788234,-0.039135382414559716,negligible,False
photoshop,272,25.0,24.049632352941178,11.111111111111116,0.15256955465273803,-0.05012151282455646,negligible,False
plugin,198,25.0,26.22222222222222,11.111111111111116,0.2934344164748428,0.043129159803678485,negligible,False
front,485,25.0,28.369072164948452,11.111111111111116,0.00010906873356917747,0.10163810567761056,negligible,True
existing,502,25.0,29.15139442231076,11.111111111111116,3.0484078958006272e-06,0.1205153894553761,negligible,True
for,27685,25.0,29.341665161639877,11.111111111111116,4.0914011859844905e-58,0.06555189898705249,negligible,True
the,1526,25.0,39.159895150720835,11.111111111111116,6.840501020779564e-15,0.11592052834340572,negligible,True
figma,570,25.0,27.083333333333332,11.111111111111116,0.002218580715764162,0.07415435285970418,negligible,True
create,2101,25.0,28.41028081865778,11.111111111111116,1.2843628249286152e-08,0.07236253023957917,negligible,True
photo,411,25.0,24.64963503649635,11.111111111111116,0.30145310139253356,-0.02947383513396684,negligible,False
remote,737,25.0,31.0033921302578,11.111111111111116,0.09695467203688342,0.03541052396590216,negligible,False
google,2806,25.0,30.23913043478261,11.111111111111116,1.6340338383433974e-15,0.0880045155170075,negligible,True
healthcare,192,25.0,36.401041666666664,11.111111111111116,0.0007636319718051903,0.14030213014384119,negligible,True
django,183,25.0,27.24590163934426,11.111111111111116,0.3452617292121405,0.040298656616731154,negligible,False
production,271,25.0,30.928044280442805,11.111111111111116,0.00016020357894041168,0.13249861017572417,negligible,True
graphic,2513,25.0,25.371070433744528,11.111111111111116,0.44065190066096815,0.008988367942045938,negligible,False
convert,257,25.0,29.77431906614786,11.111111111111116,0.004716078345265536,0.10185019179899446,negligible,True
add,292,25.0,28.535958904109588,11.111111111111116,0.025204458385306504,0.07569709085285203,negligible,True
java,236,25.0,27.16949152542373,11.111111111111116,0.1169091967080717,0.05896555164367223,negligible,False
logo,1479,25.0,29.024002704530087,11.111111111111116,6.487106947762085e-27,0.16236552341889876,small,True
python,844,25.0,28.399289099526065,11.111111111111116,6.110835433202263e-07,0.09948710270596783,negligible,True
technical,522,25.0,30.561302681992338,11.111111111111116,0.0007816577340284612,0.08506518064253599,negligible,True
node.js,173,25.0,29.534682080924856,11.111111111111116,0.02028482286648512,0.1019211836459133,negligible,True
development,2537,25.0,29.624359479700434,11.111111111111116,6.862451883580572e-13,0.08332894567800242,negligible,True
book,674,25.0,26.272997032640948,11.111111111111116,0.14288398320413953,0.03267943290498443,negligible,False
animation,433,25.0,28.12240184757506,11.111111111111116,6.916770918274313e-07,0.13794979640337668,negligible,True
live,186,25.0,27.70967741935484,11.111111111111116,0.5890710894353514,-0.022878023945732684,negligible,False
experience,1393,25.0,29.662957645369705,11.111111111111116,0.0004962597400560601,0.05422843209921924,negligible,True
paid,250,25.0,29.33,11.111111111111116,0.17963884608697545,0.04903535279160409,negligible,False
php,450,25.0,25.225555555555555,11.111111111111116,0.9317425870237818,0.0023352562231557794,negligible,False
file,416,25.0,32.82572115384615,11.111111111111116,0.0003677270531806696,0.10099542720318588,negligible,True
creative,766,25.0,27.278720626631852,11.111111111111116,0.2936661396719672,0.021978350739773722,negligible,False
fashion,282,25.0,30.2145390070922,11.111111111111116,0.012100536276485703,0.08634717818256532,negligible,True
music,301,25.0,28.85049833887043,11.111111111111116,0.060229667220969875,0.06259606116069483,negligible,False
saas,704,25.0,30.72159090909091,11.111111111111116,2.2762069563927772e-05,0.09244862639899454,negligible,True
interior,257,25.0,26.35019455252918,11.111111111111116,0.12802562055669478,0.054854686267260755,negligible,False
paralegal,162,25.0,30.01851851851852,11.111111111111116,0.031763571325785445,0.09743881865890591,negligible,True
style,227,25.0,27.570484581497798,11.111111111111116,0.15615820030708025,0.05437739221225968,negligible,False
animator,177,25.0,26.13276836158192,11.111111111111116,0.014996420347524998,0.10560244207123093,negligible,True
graphics,339,25.0,27.342182890855458,11.111111111111116,0.01082029715237201,0.08000839575859353,negligible,True
user,237,25.0,29.91561181434599,11.111111111111116,0.0013861514035243246,0.11999996517886746,negligible,True
set,596,25.0,31.072147651006713,11.111111111111116,4.075385467127553e-07,0.12009511250796234,negligible,True
files,157,25.0,26.43312101910828,11.111111111111116,0.40976000561603,0.03799407180085601,negligible,False
card,154,25.0,25.58116883116883,11.111111111111116,0.6154044408611561,0.02337939034191394,negligible,False
dev,311,25.0,29.979099678456592,11.111111111111116,0.0011477775346595911,0.10658810139616093,negligible,True
crm,544,25.0,29.503676470588236,11.111111111111116,0.0015623767287686779,0.07846482934607968,negligible,True
female,188,25.0,33.577127659574465,11.111111111111116,0.042006691362093965,0.08566289548504114,negligible,False
code,427,25.0,28.97423887587822,11.111111111111116,4.171055615118936e-06,0.12880855072029762,negligible,True
unity,156,25.0,27.977564102564102,11.111111111111116,0.020647063198198787,0.10701425383851548,negligible,True
update,569,25.0,30.349736379613358,11.111111111111116,2.684734202583903e-06,0.11386775285876216,negligible,True
sports,191,25.0,28.089005235602095,11.111111111111116,0.17183271741667183,0.05710650821535079,negligible,False
construction,340,25.0,33.94705882352941,11.111111111111116,4.24236189651939e-06,0.14417784978855352,negligible,True
application,822,25.0,30.706812652068127,11.111111111111116,1.7759842389128456e-09,0.12160277223112059,negligible,True
build,1665,25.0,29.81981981981982,11.111111111111116,8.586620188888324e-19,0.1262371727069025,negligible,True
clothing,188,25.0,27.70212765957447,11.111111111111116,0.41231691993491537,0.03453655356431984,negligible,False
ios,434,25.0,29.362903225806452,11.111111111111116,1.859624933576247e-05,0.11884312488306037,negligible,True
advertising,377,25.0,32.48275862068966,11.111111111111116,0.0034745557586814205,0.08701507907746553,negligible,True
document,398,25.0,35.530150753768844,11.111111111111116,1.5800556458108194e-07,0.15195819923309561,small,True
print,165,25.0,28.124242424242425,11.111111111111116,0.1461443180841196,0.0653429586758989,negligible,False
writing,653,25.0,30.07197549770291,11.111111111111116,0.00029782262036889053,0.08194974702086344,negligible,True
laravel,284,25.0,25.239436619718308,11.111111111111116,0.9392551125774407,0.0026132330683963367,negligible,False
one,264,25.0,32.09280303030303,11.111111111111116,9.123736724447621e-05,0.13915317334335064,negligible,True
speed,164,25.0,28.817073170731707,11.111111111111116,0.019085858219921228,0.10570467670710881,negligible,True
stack,1309,25.0,29.564553093964857,11.111111111111116,4.387952913225873e-13,0.1162767631567545,negligible,True
design,4642,25.0,29.167600172339508,11.111111111111116,5.871514040933673e-55,0.13556934187405778,negligible,True
designs,200,25.0,25.6325,11.111111111111116,0.502859868998446,0.027366618583610558,negligible,False
adobe,182,25.0,25.835164835164836,11.111111111111116,0.4362752763648249,0.03333089679334078,negligible,False
net,267,25.0,30.649812734082396,11.111111111111116,0.00015932810586219542,0.1335347748774789,negligible,True
developer,7761,25.0,29.041747197526092,11.111111111111116,1.46495802421126e-64,0.11562507817621093,negligible,True
fix,509,25.0,29.784872298624755,11.111111111111116,0.00032453230666012187,0.0921830762547029,negligible,True
app,2616,25.0,28.49159021406728,11.111111111111116,3.665749242831099e-18,0.0993506566632496,negligible,True
klaviyo,200,24.5,30.4375,8.888888888888879,0.002048621168674425,0.12593145913060533,negligible,True
industry,282,24.25,31.367021276595743,7.777777777777772,0.06672765910890578,0.06309500551112412,negligible,False
assist,154,24.25,31.428571428571427,7.777777777777772,0.5317779082259234,0.029100310968714682,negligible,False
react,1065,24.0,28.171361502347416,6.666666666666665,2.9187924086686834e-05,0.07430015154466862,negligible,True
projects,357,24.0,28.715686274509803,6.666666666666665,0.29815820252321357,0.03183174259413546,negligible,False
optimization,679,24.0,30.68335787923417,6.666666666666665,0.0002231046296673231,0.08202215183329886,negligible,True
apps,178,24.0,26.536516853932586,6.666666666666665,0.7227705530482988,0.01535820217660655,negligible,False
issues,150,23.75,30.01,5.555555555555558,0.12898629414065357,0.07158377224385437,negligible,False
funnel,232,23.75,31.55387931034483,5.555555555555558,0.012181861676605931,0.0950852173759813,negligible,True
campaign,661,23.5,31.33963691376702,4.444444444444451,8.589697614244764e-05,0.08843966279978943,negligible,True
our,1147,23.5,30.304272013949433,4.444444444444451,0.0073437337953556,0.045944164054423364,negligible,True
who,467,23.5,26.934689507494646,4.444444444444451,0.6265842284655113,-0.013022503663629892,negligible,False
next.js,186,23.25,29.440860215053764,3.3333333333333437,0.08218008867044692,0.07361562462944127,negligible,False
law,214,22.75,40.01635514018692,1.1111111111111072,0.09212104605277265,0.06651337902224852,negligible,False
page,1410,22.5,27.35354609929078,0.0,0.10936118895612508,0.024778727800978784,negligible,False
dynamic,182,22.5,26.706043956043956,0.0,0.875330859256857,-0.0067172271954283325,negligible,False
and,15162,22.5,28.222595963593193,0.0,0.8666308172677513,-0.0008554430665778101,negligible,False
photos,159,22.5,27.748427672955973,0.0,0.8358947044801435,-0.009487701962417883,negligible,False
pages,372,22.5,25.892473118279568,0.0,0.5525643240588091,-0.01780281372548398,negligible,False
search,329,22.5,30.03191489361702,0.0,0.9373666059829457,-0.0025041866581672068,negligible,False
beginners,173,22.5,27.294797687861273,0.0,0.34940978942036205,0.04108993243408765,negligible,False
coaching,208,22.5,29.495192307692307,0.0,0.5323386061411117,0.02501149294269145,negligible,False
more,165,22.5,30.657575757575756,0.0,0.5708598375844983,0.025483904339264507,negligible,False
niche,177,22.5,24.77683615819209,0.0,0.6179592734716477,-0.021652418620226377,negligible,False
elementor,286,22.5,23.70104895104895,0.0,0.06347608578895507,-0.06341678395851369,negligible,False
updates,172,22.5,26.299418604651162,0.0,0.45955698935525346,0.03257036790982393,negligible,False
theme,305,22.5,25.48032786885246,0.0,0.963530915595555,0.0015131516079611718,negligible,False
email,1807,22.5,26.437188710570005,0.0,0.001303139414607888,-0.04404145987047947,negligible,True
site,1140,22.5,28.460087719298247,0.0,1.4122617304833935e-05,0.07465974756902849,negligible,True
word,311,22.5,26.430868167202572,0.0,0.7473153192178066,-0.010559576476854682,negligible,False
ongoing,393,22.5,28.24554707379135,0.0,0.3121067693331572,0.029481422644964672,negligible,False
tech,492,22.5,28.934959349593495,0.0,0.35688611448934393,0.024028196107768185,negligible,False
all,224,22.5,38.53125,0.0,0.6242879241449056,0.01890620962351619,negligible,False
pdf,385,22.5,25.853246753246754,0.0,0.774681038691361,-0.00843500024712962,negligible,False
image,423,22.5,24.59810874704492,0.0,0.1210477926731691,-0.04359258049284842,negligible,False
facebook,1827,22.5,32.293103448275865,0.0,0.00044478299165932384,0.04784539570790214,negligible,True
buyer,312,22.5,26.693910256410255,0.0,0.5881676336554587,-0.01771813844244008,negligible,False
are,279,22.5,42.37096774193548,0.0,0.48525608444548796,0.02414479767887001,negligible,False
responsive,286,22.5,26.793706293706293,0.0,0.36936175256146686,0.03067468018260633,negligible,False
medical,401,22.5,26.77057356608479,0.0,0.11141058993211232,-0.04596539896265095,negligible,False
maintenance,204,22.5,26.38235294117647,0.0,0.6027670549086384,0.021048232454130122,negligible,False
services,462,22.5,32.853896103896105,0.0,0.10332575839000067,0.04383349578334972,negligible,False
articles,164,22.5,26.195121951219512,0.0,0.783074976057237,-0.012416365335450208,negligible,False
payment,280,22.5,29.65357142857143,0.0,0.008171830349353497,0.09134013391585283,negligible,True
web,2727,22.5,26.987532086541986,0.0,0.003155276566384943,0.03310453468773433,negligible,True
functionality,158,22.5,25.734177215189874,0.0,0.34608387778241945,0.043290657443313396,negligible,False
website,5819,22.5,26.968894999140744,0.0,1.1450067765155903e-06,0.03790555796816264,negligible,True
portuguese,157,22.5,28.254777070063696,0.0,0.6430721899555618,0.021359235068985072,negligible,False
pro,414,22.5,29.456521739130434,0.0,0.03783525360516184,0.05903079257016497,negligible,True
out,191,22.5,26.69371727748691,0.0,0.558986816323461,-0.024423849774449002,negligible,False
frontend,308,22.5,27.29707792207792,0.0,0.4352340655828102,0.025695731927375398,negligible,False
angular,218,22.5,27.46788990825688,0.0,0.22801986537072672,0.04716626983891148,negligible,False
assistance,582,22.5,30.007731958762886,0.0,0.8444441099439335,0.004706999056589778,negligible,False
flutter,316,22.5,24.074367088607595,0.0,0.14226052991436122,-0.04771151150443709,negligible,False
campaigns,241,22.5,26.400414937759336,0.0,0.8907875974787358,0.005110222628625705,negligible,False
cad,278,22.5,26.26618705035971,0.0,0.21206554035550607,0.04325043204709211,negligible,False
html,292,22.5,26.03082191780822,0.0,0.8539347818437889,0.006226218824161078,negligible,False
wordpress,2706,22.5,24.81079083518108,0.0,0.01816527090147875,-0.02656003543269525,negligible,True
landing,656,22.5,29.120426829268293,0.0,3.340832757051094e-05,0.09378151864100337,negligible,True
booking,246,22.5,24.833333333333332,0.0,0.2550192034783343,-0.0419303455184773,negligible,False
css,226,22.5,24.442477876106196,0.0,0.5701716365970596,-0.0218202316659748,negligible,False
audio,332,22.5,25.275602409638555,0.0,0.34458926806302626,-0.029982654325175773,negligible,False
wix,334,22.5,24.34131736526946,0.0,0.41292709081168333,-0.025895767714659068,negligible,False
office,318,22.5,33.14150943396226,0.0,0.04302850380629938,0.06558282447562314,negligible,False
webflow,584,22.5,28.38441780821918,0.0,1.2233167134224623e-06,0.11619328960882713,negligible,True
knowledge,192,22.5,28.708333333333332,0.0,0.42561033459485376,0.03321272704524714,negligible,False
layout,160,22.5,26.059375,0.0,0.3312120948084877,0.04436488879514178,negligible,False
home,389,22.5,26.29177377892031,0.0,0.27997241669131134,-0.031671562383529195,negligible,False
android,371,22.5,28.946091644204852,0.0,0.0017789328544225204,0.09379295665625453,negligible,True
copywriting,166,22.5,28.35843373493976,0.0,0.44537763075789105,0.03420923031758005,negligible,False
some,203,22.5,28.120689655172413,0.0,0.22862303218343039,0.04881114472996173,negligible,False
level,413,22.5,26.838983050847457,0.0,0.38737617401714775,-0.024595285041260184,negligible,False
squarespace,242,22.5,29.25206611570248,0.0,0.00033026804550119037,0.13334544062355813,negligible,True
market,535,22.5,30.969158878504672,0.0,0.24600892313200984,0.02902361791036423,negligible,False
building,516,22.25,24.614341085271317,-1.1111111111111072,0.00013344950905962294,-0.09729185166459586,negligible,True
quickbooks,399,21.5,26.993734335839598,-4.444444444444439,0.7127356714496058,-0.010657789274192253,negligible,False
affiliate,203,21.5,27.31527093596059,-4.444444444444439,0.8206427845041706,-0.009191998714373373,negligible,False
your,172,21.5,39.74418604651163,-4.444444444444439,0.5434628569055453,0.026757567454044118,negligible,False
thumbnail,176,21.25,22.619318181818183,-5.555555555555558,0.02575207981630773,-0.09708383847304625,negligible,True
junior,162,21.25,24.13888888888889,-5.555555555555558,0.009301410126680057,-0.11801216512395629,negligible,True
customization,150,21.0,25.98,-6.666666666666665,0.9255032720839549,0.004409066237681447,negligible,False
blog,556,21.0,24.02517985611511,-6.666666666666665,0.00100251311988757,-0.08073439914367164,negligible,True
marketplace,206,20.75,25.203883495145632,-7.777777777777772,0.13659559150109768,-0.05991244279939878,negligible,False
creation,1162,20.75,24.194922547332187,-7.777777777777772,0.00013536390284002786,-0.06498065066916414,negligible,True
documents,165,20.5,33.875757575757575,-8.888888888888891,0.08625133715528456,0.07713301347792223,negligible,False
administrator,196,20.5,27.6734693877551,-8.888888888888891,0.6976051941680257,-0.01603172400285735,negligible,False
arabic,200,20.5,24.1775,-8.888888888888891,0.04040266779613923,-0.08371798645863993,negligible,False
german,425,20.5,23.42823529411765,-8.888888888888891,0.007825530947338163,-0.07460185959561172,negligible,True
translation,623,20.5,23.46629213483146,-8.888888888888891,0.0002467384389449949,-0.08501003016438746,negligible,True
translator,458,20.5,22.187772925764193,-8.888888888888891,5.3989772389866415e-05,-0.10912135992577265,negligible,True
native,679,20.5,24.10162002945508,-8.888888888888891,0.0019143112824047365,-0.06895455433737452,negligible,True
italian,232,20.5,22.924568965517242,-8.888888888888891,0.07846494157418649,-0.06674470172757563,negligible,False
channel,797,20.5,26.888331242158092,-8.888888888888891,0.05696654253682709,0.03906418869072037,negligible,False
edit,429,20.5,24.928904428904428,-8.888888888888891,0.29279245594164105,-0.029376103348706106,negligible,False
firm,300,20.25,27.706666666666667,-9.999999999999998,0.0714137692892969,-0.060155124889793465,negligible,False
chinese,220,20.25,22.147727272727273,-9.999999999999998,0.000610853204869638,-0.13346776100306834,negligible,True
b2b,588,20.0,27.806972789115648,-11.111111111111116,0.002660399799390701,-0.07170855595730286,negligible,True
talented,274,20.0,22.063868613138688,-11.111111111111116,1.3200933983607893e-06,-0.16884755021885767,small,True
freelancers,160,20.0,27.89375,-11.111111111111116,0.2409713346678497,-0.0535369828144312,negligible,False
commerce,889,20.0,25.971316085489313,-11.111111111111116,0.0036502382536459624,-0.05651125041277849,negligible,True
woocommerce,309,20.0,25.54854368932039,-11.111111111111116,0.5185318527022473,-0.02122691234160512,negligible,False
short,849,20.0,25.448174322732626,-11.111111111111116,0.0002014317108048111,-0.07392924727476591,negligible,True
travel,231,20.0,22.534632034632036,-11.111111111111116,0.0001796440593856544,-0.14239538806143304,negligible,True
fitness,197,20.0,24.050761421319798,-11.111111111111116,0.18486459982786851,-0.05456855282282891,negligible,False
talent,163,20.0,28.2760736196319,-11.111111111111116,0.9542386411185302,-0.0025959609465001643,negligible,False
profile,181,20.0,28.798342541436465,-11.111111111111116,0.9716192782898254,-0.0015274726573610842,negligible,False
online,1275,20.0,26.0478431372549,-11.111111111111116,1.240049848640682e-07,-0.08599243472171414,negligible,True
shopify,2391,20.0,23.893768297783353,-11.111111111111116,5.077699467330549e-15,-0.09344913456349035,negligible,True
marketing,4426,20.0,27.140081337550836,-11.111111111111116,4.126948636752772e-07,-0.04490289554347515,negligible,True
videos,632,20.0,23.274525316455698,-11.111111111111116,5.990838839241732e-07,-0.1149367575141036,negligible,True
basic,177,20.0,22.98587570621469,-11.111111111111116,0.007731668602335476,-0.11563548582443328,negligible,True
course,376,20.0,27.965425531914892,-11.111111111111116,0.6607379210907103,0.013085963331396888,negligible,False
shop,293,20.0,23.31911262798635,-11.111111111111116,0.0003350163640421391,-0.12109621420746808,negligible,True
podcast,375,20.0,24.517333333333333,-11.111111111111116,0.032150616544361445,-0.0639658610450139,negligible,True
chat,216,20.0,21.63425925925926,-11.111111111111116,2.5272804500044542e-05,-0.16557568672755618,small,True
position,204,20.0,27.534313725490197,-11.111111111111116,0.01628118653694744,-0.09716928618205634,negligible,True
tester,249,20.0,28.775100401606426,-11.111111111111116,0.10171115745625288,-0.059925857700286245,negligible,False
form,575,20.0,24.291304347826088,-11.111111111111116,2.031192619372343e-05,-0.10285140969039896,negligible,True
skills,341,20.0,23.287390029325515,-11.111111111111116,0.00017117811690586958,-0.11764127645737865,negligible,True
content,3124,20.0,23.382682458386682,-11.111111111111116,5.078575058582126e-30,-0.11936845144380659,negligible,True
editing,1052,20.0,23.143060836501903,-11.111111111111116,3.903027205555857e-09,-0.10530873546394037,negligible,True
video,4692,20.0,23.523976982097185,-11.111111111111116,5.357045703495236e-27,-0.09282130534307009,negligible,True
ecommerce,674,20.0,27.094955489614243,-11.111111111111116,0.023850153852146685,-0.05039230075128143,negligible,True
ppc,301,20.0,24.837209302325583,-11.111111111111116,0.007787976471831992,-0.08864624597248527,negligible,True
editor,3178,20.0,21.82945248584015,-11.111111111111116,7.148254199746686e-46,-0.14786155976323534,negligible,True
french,333,20.0,20.0015015015015,-11.111111111111116,2.9800965323499075e-10,-0.19954998329632323,small,True
agency,1178,20.0,23.903650254668932,-11.111111111111116,6.64731856862968e-15,-0.13175835743481457,negligible,True
rental,161,20.0,25.195652173913043,-11.111111111111116,0.004021405200326776,-0.1309265998028466,negligible,True
digital,1357,20.0,25.903095062638172,-11.111111111111116,5.5215812997652895e-05,-0.06359367035688368,negligible,True
builder,450,20.0,22.405555555555555,-11.111111111111116,2.4124054059406905e-07,-0.14080176581327775,negligible,True
multiple,253,20.0,24.486166007905137,-11.111111111111116,0.03510447906407436,-0.0765440176850094,negligible,True
products,342,19.75,24.13450292397661,-12.222222222222223,1.2817500155388581e-05,-0.1363821203739669,negligible,True
post,366,19.5,22.64071038251366,-13.33333333333333,2.892025812207968e-06,-0.14137508046528446,negligible,True
gohighlevel,184,19.5,23.641304347826086,-13.33333333333333,0.009027925790829356,-0.11117979363747543,negligible,True
local,262,19.5,26.759541984732824,-13.33333333333333,0.007040207873730253,-0.09620403527893207,negligible,True
other,158,19.5,25.781645569620252,-13.33333333333333,0.03353334359911892,-0.0976640158119444,negligible,True
usa,311,19.0,29.019292604501608,-15.555555555555555,0.07760423549104334,-0.05783691697837623,negligible,False
client,344,18.5,23.850290697674417,-17.777777777777782,1.544353881339104e-05,-0.1347110325292017,negligible,True
join,337,18.0,34.34124629080119,-19.999999999999996,0.0023092194558593463,-0.09595167693817452,negligible,True
growing,167,18.0,23.461077844311376,-19.999999999999996,0.004555436571612961,-0.12678789876643493,negligible,True
japanese,169,18.0,23.49112426035503,-19.999999999999996,0.007244450588332224,-0.11930574515105996,negligible,True
test,258,17.75,23.893410852713178,-21.111111111111114,0.00288085328154853,-0.10720662326636754,negligible,True
only,467,17.5,33.11563169164882,-22.22222222222222,0.0009915705884677008,-0.08813634436873474,negligible,True
property,255,17.5,26.205882352941178,-22.22222222222222,6.07713780277722e-06,-0.1636825982798571,small,True
phone,308,17.5,32.548701298701296,-22.22222222222222,0.00020914759832501813,-0.1221021440500415,negligible,True
english,1595,17.5,18.497492163009404,-22.22222222222222,3.5739114372388745e-84,-0.28311413381938655,small,True
seo,1800,17.5,22.270833333333332,-22.22222222222222,8.960263848998247e-46,-0.19489434739449696,small,True
account,775,17.5,22.22967741935484,-22.22222222222222,4.4415538903118954e-20,-0.19096303898328615,small,True
tutor,344,17.5,21.82703488372093,-22.22222222222222,9.993552455916043e-08,-0.16602036354000238,small,True
acquisition,182,17.5,28.876373626373628,-22.22222222222222,0.00342330777450739,-0.1253142756622101,negligible,True
sourcing,304,17.5,18.998355263157894,-22.22222222222222,6.499741199916542e-15,-0.2583448552759553,small,True
marketer,395,17.5,24.59873417721519,-22.22222222222222,0.00017520816124468044,-0.10916414746299286,negligible,True
setting,266,17.5,22.93796992481203,-22.22222222222222,1.730593425873567e-08,-0.1997142694670081,small,True
spanish,829,17.5,22.10615199034982,-22.22222222222222,1.5561148527286144e-20,-0.18694034810397953,small,True
support,1468,17.5,24.115463215258856,-22.22222222222222,1.025615202437786e-26,-0.1623208093586036,small,True
management,1546,17.5,25.375808538163,-22.22222222222222,5.234871542134554e-21,-0.13908308155799654,negligible,True
have,185,17.5,27.521621621621623,-22.22222222222222,0.003037259034186989,-0.12586780157641086,negligible,True
source,156,17.5,23.830128205128204,-22.22222222222222,6.84974624993639e-05,-0.18409750982195883,small,True
accountant,457,17.5,29.887308533916848,-22.22222222222222,0.28821805166775016,-0.02873383483248504,negligible,False
language,260,17.5,22.209615384615386,-22.22222222222222,1.8159703714317092e-07,-0.18695893262937313,small,True
emails,174,17.5,22.433908045977013,-22.22222222222222,2.4262242320202965e-05,-0.1848439498662221,small,True
sheets,296,17.5,23.319256756756758,-22.22222222222222,8.07233766698152e-05,-0.13242351051829948,negligible,True
creator,1257,17.5,21.750198886237072,-22.22222222222222,2.6267474332026447e-25,-0.1702412265597123,small,True
into,662,17.5,21.61858006042296,-22.22222222222222,2.137712095322375e-12,-0.15808060982954297,small,True
general,217,17.5,23.122119815668203,-22.22222222222222,6.220606982899399e-07,-0.19546457786370786,small,True
accounting,359,17.5,26.431754874651812,-22.22222222222222,0.018987778008971452,-0.07157151809421491,negligible,True
store,910,17.5,24.45989010989011,-22.22222222222222,2.0136333304841606e-14,-0.14699770832538106,negligible,True
scraping,338,16.5,19.346153846153847,-26.66666666666667,9.136898800402544e-22,-0.3014020219971605,small,True
per,273,16.5,17.963369963369964,-26.66666666666667,1.3092298775094041e-19,-0.3169565406765825,small,True
growth,792,16.5,20.2354797979798,-26.66666666666667,2.520537203824778e-39,-0.27008956188412747,small,True
subscribe,329,16.5,15.93161094224924,-26.66666666666667,5.349394881591998e-30,-0.3625986312269458,medium,True
amazon,1021,16.5,23.191968658178258,-26.66666666666667,3.664470569087689e-24,-0.1840567550209512,small,True
from,1957,16.5,21.27823198773633,-26.66666666666667,2.558187792172818e-60,-0.21578391737891378,small,True
monetize,313,16.5,15.611821086261982,-26.66666666666667,1.1232137577578222e-30,-0.376142855376145,medium,True
data,3188,16.5,22.74121706398996,-26.66666666666667,3.357796996133763e-82,-0.19944003752825556,small,True
linkedin,690,16.5,22.16304347826087,-26.66666666666667,2.7230069839664786e-19,-0.19793885029127556,small,True
youtube,2509,16.5,22.827222000797132,-26.66666666666667,2.66872700888109e-24,-0.11864729534728957,negligible,True
manager,4024,16.5,22.790382703777336,-26.66666666666667,7.473069394082083e-79,-0.17450786618613934,small,True
influencer,267,16.5,21.883895131086142,-26.66666666666667,1.8729130427751706e-10,-0.22531286258108896,small,True
tiktok,880,16.5,21.131818181818183,-26.66666666666667,8.231266212286542e-29,-0.21760403109256,small,True
subscription,160,16.5,23.2875,-26.66666666666667,0.00010428058404099971,-0.1771720736540574,small,True
collection,162,16.5,23.641975308641975,-26.66666666666667,1.1724601821186439e-05,-0.19886615430875176,small,True
social,4029,16.5,19.840531149168527,-26.66666666666667,1.306561407266141e-170,-0.25828553516648245,small,True
media,4292,16.5,20.34878844361603,-26.66666666666667,1.661626639050868e-159,-0.24219967930100517,small,True
engagement,161,16.5,28.093167701863354,-26.66666666666667,0.0032118753030341623,-0.13412271650298324,negligible,True
posts,212,16.5,21.599056603773583,-26.66666666666667,1.6461997716789692e-06,-0.19014858578522775,small,True
monetization,246,16.5,18.29268292682927,-26.66666666666667,5.350748320034502e-13,-0.2658242234664552,small,True
personal,622,16.25,25.69774919614148,-27.77777777777778,1.381677731500983e-11,-0.15689320232615955,small,True
teacher,163,15.0,19.10122699386503,-33.333333333333336,4.548755901293894e-10,-0.28200195522578697,small,True
companies,185,15.0,21.41891891891892,-33.333333333333336,3.741648302933248e-09,-0.25034879956044387,small,True
manage,232,15.0,23.405172413793103,-33.333333333333336,2.9240620728071864e-07,-0.19452713064716565,small,True
recruitment,188,15.0,20.06382978723404,-33.333333333333336,1.1106538668839905e-12,-0.29977617427093806,small,True
research,1155,15.0,22.265367965367965,-33.333333333333336,1.3692536811818817e-46,-0.24476441264636228,small,True
link,160,15.0,19.31875,-33.333333333333336,4.4180467413851156e-10,-0.28483934227457186,small,True
sheet,257,15.0,21.750972762645915,-33.333333333333336,1.3354061080030493e-08,-0.20477704275932207,small,True
tasks,266,15.0,19.62593984962406,-33.333333333333336,2.4536889078257104e-14,-0.270123502420374,small,True
bookkeeper,547,15.0,19.56672760511883,-33.333333333333336,2.481339972385066e-23,-0.24620855027899347,small,True
bookkeeping,302,15.0,21.533112582781456,-33.333333333333336,8.057970752315502e-09,-0.1917983380121262,small,True
instagram,1039,15.0,20.665543792107798,-33.333333333333336,7.510008384206299e-55,-0.2806850174115423,small,True
recruiter,253,15.0,18.18774703557312,-33.333333333333336,2.2432526057678075e-20,-0.3360167372246493,medium,True
shopping,164,15.0,26.698170731707318,-33.333333333333336,0.04585841699208104,-0.09004838044770513,negligible,False
sales,2026,15.0,22.2857847976308,-33.333333333333336,2.1466335557239724e-75,-0.23794303319562393,small,True
canva,317,15.0,18.79495268138801,-33.333333333333336,9.185480127348252e-18,-0.27864941933449205,small,True
speaker,229,15.0,18.04585152838428,-33.333333333333336,1.107112077907251e-16,-0.3165942083630787,small,True
reels,328,15.0,16.63719512195122,-33.333333333333336,2.751884444829533e-27,-0.34534018425798607,medium,True
center,217,15.0,19.70046082949309,-33.333333333333336,9.717243302678465e-13,-0.27978850151710066,small,True
operations,326,14.25,20.13803680981595,-36.66666666666667,1.15730517054053e-18,-0.28231259549629684,small,True
copy,845,14.0,21.4698224852071,-37.77777777777778,7.092160534607801e-27,-0.2139760006985626,small,True
coordinator,361,14.0,19.005540166204987,-37.77777777777778,2.436873092890065e-22,-0.2957974812406954,small,True
speaking,356,14.0,19.51685393258427,-37.77777777777778,2.1290714631023217e-20,-0.283581456257161,small,True
agent,486,14.0,18.14814814814815,-37.77777777777778,3.6048097934033626e-35,-0.32469322745772966,small,True
listing,260,13.75,19.846153846153847,-38.888888888888886,7.690769690697284e-16,-0.28879293662312533,small,True
day,170,13.75,23.54705882352941,-38.888888888888886,1.1624395279020867e-08,-0.2527212878676941,small,True
community,255,13.5,20.386274509803922,-40.0,1.064416398276185e-11,-0.24595734539495973,small,True
find,251,13.5,22.842629482071715,-40.0,1.583651236568018e-12,-0.2577315308789412,small,True
text,488,13.0,18.834016393442624,-42.22222222222223,3.332261605019966e-23,-0.25982343541079256,small,True
executive,558,12.5,18.67562724014337,-44.44444444444444,6.506256194774809e-43,-0.3363970681026882,medium,True
service,985,12.5,20.39238578680203,-44.44444444444444,1.3156488480653722e-54,-0.2875441269003741,small,True
researcher,305,12.5,18.375409836065575,-44.44444444444444,6.72075032267523e-24,-0.33360280516960783,medium,True
contact,222,12.5,20.02252252252252,-44.44444444444444,4.716732748109872e-17,-0.32544609342142583,small,True
hours,220,12.5,19.068181818181817,-44.44444444444444,4.711121140948875e-16,-0.31621449316743033,small,True
twitter,194,12.5,18.38144329896907,-44.44444444444444,6.090820641623002e-14,-0.311289336006083,small,True
real,1412,11.5,21.225212464589234,-48.88888888888889,2.26036411459329e-88,-0.30820987784551823,small,True
estate,1381,11.5,21.362056480811006,-48.88888888888889,8.633081716795145e-88,-0.310545926996151,small,True
administrative,344,11.5,22.010174418604652,-48.88888888888889,1.0029184227658812e-21,-0.29847081717219526,small,True
representative,567,11.5,16.403880070546737,-48.88888888888889,3.347548557859621e-58,-0.39086483578207953,medium,True
admin,502,11.25,17.76394422310757,-50.0,1.614899640139784e-49,-0.3819712233816793,medium,True
call,474,11.0,18.479957805907173,-51.11111111111111,1.2366798344055282e-39,-0.35001570005928995,medium,True
excel,970,11.0,20.80618556701031,-51.11111111111111,2.501631030628675e-45,-0.26305686208471535,small,True
top,185,11.0,23.991891891891893,-51.11111111111111,6.567377920911641e-05,-0.16950218575545584,small,True
rep,157,10.5,13.375796178343949,-53.333333333333336,3.0771003826374622e-27,-0.4982681730937254,large,True
dropshipping,197,10.0,14.626903553299492,-55.55555555555556,7.5573099844879456e-31,-0.4752578789183156,large,True
lead,1579,10.0,16.834388853704876,-55.55555555555556,1.1753113439027083e-206,-0.449003484771184,medium,True
paste,486,10.0,14.460905349794238,-55.55555555555556,2.550260342229467e-74,-0.478570248395742,large,True
different,328,10.0,14.452743902439025,-55.55555555555556,7.929317881176254e-46,-0.453519891931219,medium,True
websites,493,10.0,16.21501014198783,-55.55555555555556,4.0013538937218278e-50,-0.3878579172692228,medium,True
customer,1113,10.0,15.643306379155435,-55.55555555555556,6.880650685370561e-143,-0.442665651561692,medium,True
list,465,10.0,14.695698924731182,-55.55555555555556,3.181964818527163e-73,-0.4855518026684069,large,True
generation,1074,9.5,15.701582867783985,-57.77777777777777,7.418319198060902e-160,-0.47690650327481465,large,True
outreach,413,9.5,14.25181598062954,-57.77777777777777,1.18861784220582e-69,-0.5019618312672955,large,True
entry,989,9.5,15.569261880687563,-57.77777777777777,4.614873477240537e-131,-0.4491777886707794,medium,True
accounts,359,9.0,15.344011142061282,-60.0,7.895169713168299e-49,-0.44809053778974905,medium,True
opportunity,314,9.0,19.912420382165607,-60.0,2.815999162712154e-20,-0.3009139297703688,small,True
bilingual,201,9.0,13.099502487562189,-60.0,2.4647738022583445e-40,-0.5417076622578404,large,True
onlyfans,276,9.0,9.130434782608695,-60.0,1.5187197983428818e-90,-0.7018668916420672,large,True
chatter,203,9.0,8.714285714285714,-60.0,1.0815508411789336e-75,-0.7464269934003352,large,True
assistant,4212,8.5,12.558404558404558,-62.22222222222222,0.0,-0.5832628304289603,large,True
calling,405,8.5,15.198765432098766,-62.22222222222222,2.180257332896309e-65,-0.49068005751977883,large,True
outbound,191,8.5,14.908376963350785,-62.22222222222222,1.6909914025795095e-32,-0.49611711680241977,large,True
cold,1052,8.0,14.688688212927756,-64.44444444444444,1.3649779428314076e-175,-0.5052650257956182,large,True
appointment,782,8.0,16.64322250639386,-64.44444444444444,8.759331439042881e-141,-0.5232867126863109,large,True
setter,635,8.0,17.96456692913386,-64.44444444444444,1.2422347944329957e-105,-0.5014533718344559,large,True
grow,187,7.5,15.732620320855615,-66.66666666666667,4.591666136899549e-28,-0.46393106154756636,medium,True
virtual,2700,7.5,11.536111111111111,-66.66666666666667,0.0,-0.625143223985323,large,True
caller,388,7.5,11.570876288659793,-66.66666666666667,1.7460574528845257e-98,-0.6182494342864872,large,True
leads,336,7.5,17.19345238095238,-66.66666666666667,1.4416802388159384e-58,-0.5088143950241548,large,True
philippines,179,4.0,7.636871508379889,-82.22222222222221,6.812296137977482e-73,-0.7795851493142283,large,True
