post_date,category,n,total,share,day_idx
2024-02-13,Admin & Customer Support,187,5062,0.03694192018964836,0
2024-02-13,Audio & Music,40,5062,0.007902015013828527,0
2024-02-13,Business & Consulting,75,5062,0.014816278150928487,0
2024-02-13,Data Science & Analytics,275,5062,0.054326353220071115,0
2024-02-13,Design & Creative,660,5062,0.13038324772817067,0
2024-02-13,Digital Marketing,521,5062,0.10292374555511656,0
2024-02-13,E-commerce,258,5062,0.050967996839193994,0
2024-02-13,Engineering & Manufacturing,18,5062,0.0035559067562228367,0
2024-02-13,Finance & Accounting,98,5062,0.01935993678387989,0
2024-02-13,Game Development,21,5062,0.004148557882259977,0
2024-02-13,HR & Recruitment,38,5062,0.0075069142631371,0
2024-02-13,Legal,47,5062,0.009284867641248518,0
2024-02-13,Mobile Development,185,5062,0.036546819438956935,0
2024-02-13,Other / Uncategorised,447,5062,0.08830501777953378,0
2024-02-13,Project Management,40,5062,0.007902015013828527,0
2024-02-13,Real Estate,24,5062,0.004741209008297116,0
2024-02-13,Research & Survey,80,5062,0.015804030027657054,0
2024-02-13,Sales & Business Development,238,5062,0.047016989332279734,0
2024-02-13,Software & IT,381,5062,0.0752666930067167,0
2024-02-13,Video & Animation,403,5062,0.07961280126432241,0
2024-02-13,Web Development,636,5062,0.12564203871987356,0
2024-02-13,Writing & Translation,390,5062,0.07704464638482814,0
2024-02-14,Admin & Customer Support,221,5966,0.037043245055313444,1
2024-02-14,Audio & Music,58,5966,0.009721756620851492,1
2024-02-14,Business & Consulting,85,5966,0.014247401944351324,1
2024-02-14,Data Science & Analytics,324,5966,0.05430774388199799,1
2024-02-14,Design & Creative,761,5966,0.12755615152531008,1
2024-02-14,Digital Marketing,588,5966,0.09855849815621857,1
2024-02-14,E-commerce,301,5966,0.05045256453234998,1
2024-02-14,Engineering & Manufacturing,21,5966,0.003519946362722092,1
2024-02-14,Finance & Accounting,130,5966,0.02179014415018438,1
2024-02-14,Game Development,39,5966,0.006537043245055313,1
2024-02-14,HR & Recruitment,30,5966,0.005028494803888703,1
2024-02-14,Legal,43,5966,0.007207509218907141,1
2024-02-14,Mobile Development,304,5966,0.050955414012738856,1
2024-02-14,Other / Uncategorised,603,5966,0.10107274555816292,1
2024-02-14,Project Management,45,5966,0.007542742205833054,1
2024-02-14,Real Estate,29,5966,0.004860878310425746,1
2024-02-14,Research & Survey,76,5966,0.012738853503184714,1
2024-02-14,Sales & Business Development,271,5966,0.04542406972846128,1
2024-02-14,Software & IT,369,5966,0.061850486087831044,1
2024-02-14,Video & Animation,425,5966,0.07123700972175662,1
2024-02-14,Web Development,758,5966,0.1270533020449212,1
2024-02-14,Writing & Translation,485,5966,0.08129399932953403,1
2024-02-16,Admin & Customer Support,224,6623,0.03382153102823494,3
2024-02-16,Audio & Music,66,6623,0.009965272535104937,3
2024-02-16,Business & Consulting,72,6623,0.010871206401932659,3
2024-02-16,Data Science & Analytics,388,6623,0.05858372338819266,3
2024-02-16,Design & Creative,854,6623,0.1289445870451457,3
2024-02-16,Digital Marketing,672,6623,0.10146459308470482,3
2024-02-16,E-commerce,328,6623,0.049524384719915444,3
2024-02-16,Engineering & Manufacturing,33,6623,0.004982636267552468,3
2024-02-16,Finance & Accounting,150,6623,0.02264834667069304,3
2024-02-16,Game Development,37,6623,0.00558659217877095,3
2024-02-16,HR & Recruitment,54,6623,0.008153404801449495,3
2024-02-16,Legal,49,6623,0.007398459912426393,3
2024-02-16,Mobile Development,262,6623,0.03955911218481051,3
2024-02-16,Other / Uncategorised,646,6623,0.09753887966178469,3
2024-02-16,Project Management,55,6623,0.008304393779254115,3
2024-02-16,Real Estate,38,6623,0.00573758115657557,3
2024-02-16,Research & Survey,91,6623,0.013739996980220444,3
2024-02-16,Sales & Business Development,281,6623,0.042427902763098296,3
2024-02-16,Software & IT,445,6623,0.06719009512305602,3
2024-02-16,Video & Animation,510,6623,0.07700437868035634,3
2024-02-16,Web Development,826,6623,0.12471689566661634,3
2024-02-16,Writing & Translation,542,6623,0.08183602597010418,3
2024-02-17,Admin & Customer Support,198,4717,0.04197583209667161,4
2024-02-17,Audio & Music,43,4717,0.009115963536145855,4
2024-02-17,Business & Consulting,51,4717,0.010811956752172992,4
2024-02-17,Data Science & Analytics,268,4717,0.056815772736909055,4
2024-02-17,Design & Creative,604,4717,0.12804748781004877,4
2024-02-17,Digital Marketing,464,4717,0.09836760652957388,4
2024-02-17,E-commerce,251,4717,0.05321178715285139,4
2024-02-17,Engineering & Manufacturing,15,4717,0.0031799872800508796,4
2024-02-17,Finance & Accounting,94,4717,0.019927920288318846,4
2024-02-17,Game Development,28,4717,0.005935976256094976,4
2024-02-17,HR & Recruitment,18,4717,0.0038159847360610556,4
2024-02-17,Legal,25,4717,0.0052999788000848,4
2024-02-17,Mobile Development,187,4717,0.0396438414246343,4
2024-02-17,Other / Uncategorised,462,4717,0.0979436082255671,4
2024-02-17,Project Management,29,4717,0.006147975408098368,4
2024-02-17,Real Estate,24,4717,0.005087979648081407,4
2024-02-17,Research & Survey,57,4717,0.012083951664193343,4
2024-02-17,Sales & Business Development,193,4717,0.04091583633665465,4
2024-02-17,Software & IT,322,4717,0.06826372694509222,4
2024-02-17,Video & Animation,352,4717,0.07462370150519398,4
2024-02-17,Web Development,560,4717,0.11871952512189951,4
2024-02-17,Writing & Translation,472,4717,0.10006359974560101,4
2024-02-18,Admin & Customer Support,185,4157,0.044503247534279526,5
2024-02-18,Audio & Music,57,4157,0.013711811402453693,5
2024-02-18,Business & Consulting,46,4157,0.01106567235987491,5
2024-02-18,Data Science & Analytics,218,4157,0.05244166466201588,5
2024-02-18,Design & Creative,512,4157,0.12316574452730335,5
2024-02-18,Digital Marketing,397,4157,0.09550156362761607,5
2024-02-18,E-commerce,232,4157,0.055809477988934326,5
2024-02-18,Engineering & Manufacturing,19,4157,0.004570603800817898,5
2024-02-18,Finance & Accounting,72,4157,0.01732018282415203,5
2024-02-18,Game Development,21,4157,0.005051719990377676,5
2024-02-18,HR & Recruitment,24,4157,0.005773394274717345,5
2024-02-18,Legal,27,4157,0.006495068559057012,5
2024-02-18,Mobile Development,185,4157,0.044503247534279526,5
2024-02-18,Other / Uncategorised,421,4157,0.10127495790233342,5
2024-02-18,Project Management,34,4157,0.008178975222516238,5
2024-02-18,Real Estate,23,4157,0.005532836179937455,5
2024-02-18,Research & Survey,46,4157,0.01106567235987491,5
2024-02-18,Sales & Business Development,163,4157,0.03921096944912196,5
2024-02-18,Software & IT,272,4157,0.0654318017801299,5
2024-02-18,Video & Animation,308,4157,0.07409189319220592,5
2024-02-18,Web Development,473,4157,0.11378397883088766,5
2024-02-18,Writing & Translation,422,4157,0.10151551599711331,5
2024-02-19,Admin & Customer Support,264,6863,0.038467142648987325,6
2024-02-19,Audio & Music,72,6863,0.01049103890426927,6
2024-02-19,Business & Consulting,90,6863,0.013113798630336588,6
2024-02-19,Data Science & Analytics,334,6863,0.04866676380591578,6
2024-02-19,Design & Creative,871,6863,0.1269124289669241,6
2024-02-19,Digital Marketing,638,6863,0.09296226140171937,6
2024-02-19,E-commerce,344,6863,0.05012385254261985,6
2024-02-19,Engineering & Manufacturing,26,6863,0.0037884307154305696,6
2024-02-19,Finance & Accounting,147,6863,0.02141920442954976,6
2024-02-19,Game Development,39,6863,0.005682646073145854,6
2024-02-19,HR & Recruitment,49,6863,0.00713973480984992,6
2024-02-19,Legal,63,6863,0.009179659041235612,6
2024-02-19,Mobile Development,267,6863,0.03890426926999854,6
2024-02-19,Other / Uncategorised,650,6863,0.09471076788576424,6
2024-02-19,Project Management,58,6863,0.008451114672883578,6
2024-02-19,Real Estate,39,6863,0.005682646073145854,6
2024-02-19,Research & Survey,106,6863,0.015445140609063091,6
2024-02-19,Sales & Business Development,316,6863,0.04604400407984846,6
2024-02-19,Software & IT,481,6863,0.07008596823546553,6
2024-02-19,Video & Animation,485,6863,0.07066880373014717,6
2024-02-19,Web Development,865,6863,0.12603817572490164,6
2024-02-19,Writing & Translation,659,6863,0.0960221477487979,6
2024-02-20,Admin & Customer Support,353,7115,0.04961349262122277,7
2024-02-20,Audio & Music,56,7115,0.007870695713281799,7
2024-02-20,Business & Consulting,85,7115,0.011946591707659873,7
2024-02-20,Data Science & Analytics,373,7115,0.05242445537596627,7
2024-02-20,Design & Creative,892,7115,0.1253689388615601,7
2024-02-20,Digital Marketing,680,7115,0.09557273366127898,7
2024-02-20,E-commerce,334,7115,0.046943078004216446,7
2024-02-20,Engineering & Manufacturing,36,7115,0.005059732958538299,7
2024-02-20,Finance & Accounting,158,7115,0.022206605762473648,7
2024-02-20,Game Development,28,7115,0.003935347856640899,7
2024-02-20,HR & Recruitment,39,7115,0.0054813773717498245,7
2024-02-20,Legal,66,7115,0.009276177090653549,7
2024-02-20,Mobile Development,290,7115,0.040758959943780745,7
2024-02-20,Other / Uncategorised,705,7115,0.09908643710470837,7
2024-02-20,Project Management,61,7115,0.008573436401967675,7
2024-02-20,Real Estate,38,7115,0.00534082923401265,7
2024-02-20,Research & Survey,105,7115,0.014757554462403373,7
2024-02-20,Sales & Business Development,319,7115,0.04483485593815882,7
2024-02-20,Software & IT,478,7115,0.06718200983836964,7
2024-02-20,Video & Animation,484,7115,0.06802529866479269,7
2024-02-20,Web Development,848,7115,0.11918482080112439,7
2024-02-20,Writing & Translation,687,7115,0.09655657062543921,7
2024-02-21,Admin & Customer Support,361,7534,0.047916113618263874,8
2024-02-21,Audio & Music,68,7534,0.009025749933634192,8
2024-02-21,Business & Consulting,87,7534,0.01154765065038492,8
2024-02-21,Data Science & Analytics,372,7534,0.04937616140164587,8
2024-02-21,Design & Creative,962,7534,0.1276878152375896,8
2024-02-21,Digital Marketing,748,7534,0.09928324926997611,8
2024-02-21,E-commerce,366,7534,0.048579771701619326,8
2024-02-21,Engineering & Manufacturing,32,7534,0.004247411733474914,8
2024-02-21,Finance & Accounting,171,7534,0.02269710645075657,8
2024-02-21,Game Development,49,7534,0.006503849216883462,8
2024-02-21,HR & Recruitment,48,7534,0.00637111760021237,8
2024-02-21,Legal,52,7534,0.006902044066896735,8
2024-02-21,Mobile Development,309,7534,0.04101406955136713,8
2024-02-21,Other / Uncategorised,741,7534,0.09835412795327847,8
2024-02-21,Project Management,81,7534,0.010751260950358376,8
2024-02-21,Real Estate,36,7534,0.004778338200159278,8
2024-02-21,Research & Survey,111,7534,0.014733209450491107,8
2024-02-21,Sales & Business Development,332,7534,0.04406689673480223,8
2024-02-21,Software & IT,506,7534,0.06716219803557208,8
2024-02-21,Video & Animation,536,7534,0.0711441465357048,8
2024-02-21,Web Development,821,7534,0.10897265728696576,8
2024-02-21,Writing & Translation,745,7534,0.09888505441996283,8
2024-02-22,Admin & Customer Support,327,7278,0.04492992580379225,9
2024-02-22,Audio & Music,46,7278,0.006320417697169552,9
2024-02-22,Business & Consulting,100,7278,0.013740038472107722,9
2024-02-22,Data Science & Analytics,376,7278,0.051662544655125035,9
2024-02-22,Design & Creative,885,7278,0.12159934047815334,9
2024-02-22,Digital Marketing,736,7278,0.10112668315471283,9
2024-02-22,E-commerce,348,7278,0.04781533388293487,9
2024-02-22,Engineering & Manufacturing,20,7278,0.0027480076944215444,9
2024-02-22,Finance & Accounting,151,7278,0.02074745809288266,9
2024-02-22,Game Development,44,7278,0.006045616927727398,9
2024-02-22,HR & Recruitment,37,7278,0.005083814234679857,9
2024-02-22,Legal,54,7278,0.00741962077493817,9
2024-02-22,Mobile Development,322,7278,0.044242923880186864,9
2024-02-22,Other / Uncategorised,695,7278,0.09549326738114866,9
2024-02-22,Project Management,59,7278,0.008106622698543555,9
2024-02-22,Real Estate,44,7278,0.006045616927727398,9
2024-02-22,Research & Survey,97,7278,0.01332783731794449,9
2024-02-22,Sales & Business Development,282,7278,0.038746908491343775,9
2024-02-22,Software & IT,458,7278,0.06292937620225336,9
2024-02-22,Video & Animation,558,7278,0.07666941467436109,9
2024-02-22,Web Development,875,7278,0.12022533663094256,9
2024-02-22,Writing & Translation,764,7278,0.104973893926903,9
2024-02-23,Admin & Customer Support,387,7120,0.05435393258426966,10
2024-02-23,Audio & Music,49,7120,0.006882022471910112,10
2024-02-23,Business & Consulting,79,7120,0.011095505617977529,10
2024-02-23,Data Science & Analytics,381,7120,0.05351123595505618,10
2024-02-23,Design & Creative,782,7120,0.1098314606741573,10
2024-02-23,Digital Marketing,652,7120,0.09157303370786517,10
2024-02-23,E-commerce,355,7120,0.04985955056179775,10
2024-02-23,Engineering & Manufacturing,30,7120,0.004213483146067416,10
2024-02-23,Finance & Accounting,149,7120,0.020926966292134832,10
2024-02-23,Game Development,25,7120,0.0035112359550561797,10
2024-02-23,HR & Recruitment,53,7120,0.007443820224719101,10
2024-02-23,Legal,47,7120,0.006601123595505618,10
2024-02-23,Mobile Development,292,7120,0.04101123595505618,10
2024-02-23,Other / Uncategorised,730,7120,0.10252808988764045,10
2024-02-23,Project Management,52,7120,0.007303370786516854,10
2024-02-23,Real Estate,46,7120,0.0064606741573033704,10
2024-02-23,Research & Survey,95,7120,0.013342696629213483,10
2024-02-23,Sales & Business Development,300,7120,0.042134831460674156,10
2024-02-23,Software & IT,451,7120,0.06334269662921348,10
2024-02-23,Video & Animation,551,7120,0.0773876404494382,10
2024-02-23,Web Development,802,7120,0.11264044943820224,10
2024-02-23,Writing & Translation,812,7120,0.11404494382022472,10
2024-02-24,Admin & Customer Support,223,4973,0.04484214759702393,11
2024-02-24,Audio & Music,41,4973,0.008244520410215162,11
2024-02-24,Business & Consulting,47,4973,0.009451035592197869,11
2024-02-24,Data Science & Analytics,275,4973,0.05529861250754072,11
2024-02-24,Design & Creative,599,4973,0.12045043233460688,11
2024-02-24,Digital Marketing,495,4973,0.0995375025135733,11
2024-02-24,E-commerce,240,4973,0.04826060727930827,11
2024-02-24,Engineering & Manufacturing,33,4973,0.006635833500904886,11
2024-02-24,Finance & Accounting,97,4973,0.01950532877538709,11
2024-02-24,Game Development,34,4973,0.006836919364568671,11
2024-02-24,HR & Recruitment,18,4973,0.0036195455459481197,11
2024-02-24,Legal,35,4973,0.0070380052282324555,11
2024-02-24,Mobile Development,225,4973,0.045244319324351495,11
2024-02-24,Other / Uncategorised,483,4973,0.09712447214960788,11
2024-02-24,Project Management,47,4973,0.009451035592197869,11
2024-02-24,Real Estate,16,4973,0.003217373818620551,11
2024-02-24,Research & Survey,59,4973,0.011864065956163282,11
2024-02-24,Sales & Business Development,192,4973,0.038608485823446614,11
2024-02-24,Software & IT,340,4973,0.06836919364568671,11
2024-02-24,Video & Animation,393,4973,0.07902674441986729,11
2024-02-24,Web Development,569,4973,0.11441785642469335,11
2024-02-24,Writing & Translation,512,4973,0.10295596219585763,11
2024-02-25,Admin & Customer Support,144,4660,0.030901287553648068,12
2024-02-25,Audio & Music,53,4660,0.011373390557939914,12
2024-02-25,Business & Consulting,48,4660,0.010300429184549357,12
2024-02-25,Data Science & Analytics,281,4660,0.06030042918454936,12
2024-02-25,Design & Creative,594,4660,0.1274678111587983,12
2024-02-25,Digital Marketing,454,4660,0.09742489270386266,12
2024-02-25,E-commerce,237,4660,0.05085836909871245,12
2024-02-25,Engineering & Manufacturing,29,4660,0.006223175965665236,12
2024-02-25,Finance & Accounting,80,4660,0.017167381974248927,12
2024-02-25,Game Development,21,4660,0.004506437768240343,12
2024-02-25,HR & Recruitment,21,4660,0.004506437768240343,12
2024-02-25,Legal,32,4660,0.0068669527896995704,12
2024-02-25,Mobile Development,217,4660,0.04656652360515021,12
2024-02-25,Other / Uncategorised,471,4660,0.10107296137339056,12
2024-02-25,Project Management,26,4660,0.005579399141630901,12
2024-02-25,Real Estate,18,4660,0.0038626609442060085,12
2024-02-25,Research & Survey,63,4660,0.01351931330472103,12
2024-02-25,Sales & Business Development,176,4660,0.03776824034334764,12
2024-02-25,Software & IT,282,4660,0.06051502145922747,12
2024-02-25,Video & Animation,422,4660,0.0905579399141631,12
2024-02-25,Web Development,544,4660,0.1167381974248927,12
2024-02-25,Writing & Translation,447,4660,0.09592274678111588,12
2024-02-26,Admin & Customer Support,244,6801,0.035877076900455815,13
2024-02-26,Audio & Music,69,6801,0.010145566828407587,13
2024-02-26,Business & Consulting,67,6801,0.009851492427584178,13
2024-02-26,Data Science & Analytics,388,6801,0.05705043375974121,13
2024-02-26,Design & Creative,892,6801,0.13115718276724012,13
2024-02-26,Digital Marketing,697,6801,0.1024849286869578,13
2024-02-26,E-commerce,327,6801,0.04808116453462726,13
2024-02-26,Engineering & Manufacturing,26,6801,0.003822967210704308,13
2024-02-26,Finance & Accounting,179,6801,0.026319658873695046,13
2024-02-26,Game Development,48,6801,0.0070577856197618,13
2024-02-26,HR & Recruitment,60,6801,0.00882223202470225,13
2024-02-26,Legal,45,6801,0.0066166740185266875,13
2024-02-26,Mobile Development,321,6801,0.04719894133215704,13
2024-02-26,Other / Uncategorised,632,6801,0.09292751066019703,13
2024-02-26,Project Management,58,6801,0.00852815762387884,13
2024-02-26,Real Estate,44,6801,0.006469636818114983,13
2024-02-26,Research & Survey,101,6801,0.01485075724158212,13
2024-02-26,Sales & Business Development,266,6801,0.039111895309513305,13
2024-02-26,Software & IT,458,6801,0.0673430377885605,13
2024-02-26,Video & Animation,499,6801,0.07337156300544037,13
2024-02-26,Web Development,842,6801,0.1238053227466549,13
2024-02-26,Writing & Translation,538,6801,0.07910601382149685,13
2024-02-27,Admin & Customer Support,230,7046,0.03264263411864888,14
2024-02-27,Audio & Music,74,7046,0.010502412716434857,14
2024-02-27,Business & Consulting,74,7046,0.010502412716434857,14
2024-02-27,Data Science & Analytics,382,7046,0.054215157536190745,14
2024-02-27,Design & Creative,838,7046,0.11893272778881635,14
2024-02-27,Digital Marketing,723,7046,0.10261141072949191,14
2024-02-27,E-commerce,337,7046,0.04782855520862901,14
2024-02-27,Engineering & Manufacturing,38,7046,0.005393130854385467,14
2024-02-27,Finance & Accounting,171,7046,0.024269088844734603,14
2024-02-27,Game Development,21,7046,0.002980414419528811,14
2024-02-27,HR & Recruitment,35,7046,0.004967357365881351,14
2024-02-27,Legal,56,7046,0.007947771785410162,14
2024-02-27,Mobile Development,324,7046,0.04598353675844451,14
2024-02-27,Other / Uncategorised,723,7046,0.10261141072949191,14
2024-02-27,Project Management,56,7046,0.007947771785410162,14
2024-02-27,Real Estate,38,7046,0.005393130854385467,14
2024-02-27,Research & Survey,98,7046,0.013908600624467783,14
2024-02-27,Sales & Business Development,353,7046,0.050099347147317626,14
2024-02-27,Software & IT,496,7046,0.07039455009934714,14
2024-02-27,Video & Animation,547,7046,0.07763269940391712,14
2024-02-27,Web Development,856,7046,0.12148736871984105,14
2024-02-27,Writing & Translation,576,7046,0.08174850979279023,14
2024-02-28,Admin & Customer Support,239,7039,0.03395368660321069,15
2024-02-28,Audio & Music,59,7039,0.008381872425060378,15
2024-02-28,Business & Consulting,72,7039,0.010228725671260121,15
2024-02-28,Data Science & Analytics,382,7039,0.05426907231140787,15
2024-02-28,Design & Creative,853,7039,0.12118198607756783,15
2024-02-28,Digital Marketing,644,7039,0.09149026850404887,15
2024-02-28,E-commerce,372,7039,0.0528484159681773,15
2024-02-28,Engineering & Manufacturing,28,7039,0.003977837761045603,15
2024-02-28,Finance & Accounting,165,7039,0.023440829663304446,15
2024-02-28,Game Development,34,7039,0.004830231566983947,15
2024-02-28,HR & Recruitment,57,7039,0.008097741156414264,15
2024-02-28,Legal,59,7039,0.008381872425060378,15
2024-02-28,Mobile Development,352,7039,0.050007103281716155,15
2024-02-28,Other / Uncategorised,680,7039,0.09660463133967893,15
2024-02-28,Project Management,73,7039,0.01037079130558318,15
2024-02-28,Real Estate,48,7039,0.006819150447506748,15
2024-02-28,Research & Survey,108,7039,0.015343088506890184,15
2024-02-28,Sales & Business Development,308,7039,0.043756215371501636,15
2024-02-28,Software & IT,512,7039,0.07273760477340531,15
2024-02-28,Video & Animation,504,7039,0.07160107969882086,15
2024-02-28,Web Development,945,7039,0.1342520244352891,15
2024-02-28,Writing & Translation,545,7039,0.0774257707060662,15
2024-02-29,Admin & Customer Support,226,6945,0.03254139668826494,16
2024-02-29,Audio & Music,57,6945,0.008207343412526998,16
2024-02-29,Business & Consulting,90,6945,0.012958963282937365,16
2024-02-29,Data Science & Analytics,400,6945,0.05759539236861051,16
2024-02-29,Design & Creative,940,6945,0.1353491720662347,16
2024-02-29,Digital Marketing,721,6945,0.10381569474442044,16
2024-02-29,E-commerce,386,6945,0.05557955363570914,16
2024-02-29,Engineering & Manufacturing,27,6945,0.0038876889848812094,16
2024-02-29,Finance & Accounting,134,6945,0.01929445644348452,16
2024-02-29,Game Development,37,6945,0.005327573794096472,16
2024-02-29,HR & Recruitment,42,6945,0.006047516198704104,16
2024-02-29,Legal,59,6945,0.008495320374370051,16
2024-02-29,Mobile Development,305,6945,0.043916486681065514,16
2024-02-29,Other / Uncategorised,698,6945,0.10050395968322534,16
2024-02-29,Project Management,60,6945,0.008639308855291577,16
2024-02-29,Real Estate,44,6945,0.0063354931605471565,16
2024-02-29,Research & Survey,106,6945,0.015262778977681786,16
2024-02-29,Sales & Business Development,271,6945,0.039020878329733624,16
2024-02-29,Software & IT,460,6945,0.06623470122390208,16
2024-02-29,Video & Animation,503,6945,0.07242620590352772,16
2024-02-29,Web Development,832,6945,0.11979841612670987,16
2024-02-29,Writing & Translation,547,6945,0.07876169906407487,16
2024-03-01,Admin & Customer Support,217,6525,0.03325670498084291,17
2024-03-01,Audio & Music,66,6525,0.010114942528735632,17
2024-03-01,Business & Consulting,84,6525,0.012873563218390805,17
2024-03-01,Data Science & Analytics,372,6525,0.057011494252873565,17
2024-03-01,Design & Creative,799,6525,0.12245210727969348,17
2024-03-01,Digital Marketing,682,6525,0.10452107279693487,17
2024-03-01,E-commerce,320,6525,0.04904214559386973,17
2024-03-01,Engineering & Manufacturing,36,6525,0.005517241379310344,17
2024-03-01,Finance & Accounting,163,6525,0.024980842911877396,17
2024-03-01,Game Development,31,6525,0.00475095785440613,17
2024-03-01,HR & Recruitment,47,6525,0.007203065134099617,17
2024-03-01,Legal,50,6525,0.007662835249042145,17
2024-03-01,Mobile Development,268,6525,0.0410727969348659,17
2024-03-01,Other / Uncategorised,669,6525,0.10252873563218391,17
2024-03-01,Project Management,58,6525,0.008888888888888889,17
2024-03-01,Real Estate,40,6525,0.006130268199233717,17
2024-03-01,Research & Survey,71,6525,0.010881226053639847,17
2024-03-01,Sales & Business Development,306,6525,0.04689655172413793,17
2024-03-01,Software & IT,429,6525,0.06574712643678161,17
2024-03-01,Video & Animation,498,6525,0.07632183908045977,17
2024-03-01,Web Development,809,6525,0.12398467432950191,17
2024-03-01,Writing & Translation,510,6525,0.07816091954022988,17
2024-03-02,Admin & Customer Support,146,4795,0.030448383733055265,18
2024-03-02,Audio & Music,42,4795,0.008759124087591242,18
2024-03-02,Business & Consulting,55,4795,0.011470281543274244,18
2024-03-02,Data Science & Analytics,260,4795,0.054223149113660066,18
2024-03-02,Design & Creative,593,4795,0.12367049009384776,18
2024-03-02,Digital Marketing,451,4795,0.0940563086548488,18
2024-03-02,E-commerce,268,4795,0.05589155370177268,18
2024-03-02,Engineering & Manufacturing,21,4795,0.004379562043795621,18
2024-03-02,Finance & Accounting,110,4795,0.022940563086548488,18
2024-03-02,Game Development,24,4795,0.005005213764337852,18
2024-03-02,HR & Recruitment,23,4795,0.004796663190823775,18
2024-03-02,Legal,47,4795,0.009801876955161626,18
2024-03-02,Mobile Development,201,4795,0.04191866527632951,18
2024-03-02,Other / Uncategorised,527,4795,0.10990615224191866,18
2024-03-02,Project Management,41,4795,0.008550573514077163,18
2024-03-02,Real Estate,26,4795,0.005422314911366006,18
2024-03-02,Research & Survey,65,4795,0.013555787278415016,18
2024-03-02,Sales & Business Development,171,4795,0.035662148070907194,18
2024-03-02,Software & IT,344,4795,0.07174139728884255,18
2024-03-02,Video & Animation,397,4795,0.08279457768508863,18
2024-03-02,Web Development,634,4795,0.13222106360792493,18
2024-03-02,Writing & Translation,349,4795,0.07278415015641293,18
2024-03-03,Admin & Customer Support,143,4493,0.0318272868907189,19
2024-03-03,Audio & Music,38,4493,0.008457600712219007,19
2024-03-03,Business & Consulting,43,4493,0.009570442911195192,19
2024-03-03,Data Science & Analytics,235,4493,0.052303583351880706,19
2024-03-03,Design & Creative,600,4493,0.1335410638771422,19
2024-03-03,Digital Marketing,459,4493,0.10215891386601379,19
2024-03-03,E-commerce,240,4493,0.05341642555085689,19
2024-03-03,Engineering & Manufacturing,21,4493,0.004673937235699978,19
2024-03-03,Finance & Accounting,95,4493,0.021144001780547518,19
2024-03-03,Game Development,29,4493,0.006454484754061874,19
2024-03-03,HR & Recruitment,18,4493,0.0040062319163142665,19
2024-03-03,Legal,34,4493,0.007567326953038059,19
2024-03-03,Mobile Development,207,4493,0.04607166703761407,19
2024-03-03,Other / Uncategorised,462,4493,0.10282661918539951,19
2024-03-03,Project Management,33,4493,0.007344758513242822,19
2024-03-03,Real Estate,27,4493,0.0060093478744714,19
2024-03-03,Research & Survey,65,4493,0.014466948586690407,19
2024-03-03,Sales & Business Development,176,4493,0.03917204540396172,19
2024-03-03,Software & IT,313,4493,0.06966392165590919,19
2024-03-03,Video & Animation,369,4493,0.08212775428444247,19
2024-03-03,Web Development,568,4493,0.12641887380369463,19
2024-03-03,Writing & Translation,318,4493,0.07077676385488538,19
2024-03-04,Admin & Customer Support,234,6866,0.03408097873579959,20
2024-03-04,Audio & Music,76,6866,0.011069035828721235,20
2024-03-04,Business & Consulting,97,6866,0.01412758520244684,20
2024-03-04,Data Science & Analytics,348,6866,0.050684532478881446,20
2024-03-04,Design & Creative,885,6866,0.12889600932129333,20
2024-03-04,Digital Marketing,659,6866,0.09598019225167492,20
2024-03-04,E-commerce,368,6866,0.053597436644334404,20
2024-03-04,Engineering & Manufacturing,27,6866,0.003932420623361492,20
2024-03-04,Finance & Accounting,151,6866,0.021992426449169822,20
2024-03-04,Game Development,33,6866,0.004806291872997378,20
2024-03-04,HR & Recruitment,56,6866,0.00815613166326828,20
2024-03-04,Legal,47,6866,0.006845324788814448,20
2024-03-04,Mobile Development,272,6866,0.03961549665016021,20
2024-03-04,Other / Uncategorised,671,6866,0.0977279347509467,20
2024-03-04,Project Management,56,6866,0.00815613166326828,20
2024-03-04,Real Estate,38,6866,0.005534517914360618,20
2024-03-04,Research & Survey,94,6866,0.013690649577628895,20
2024-03-04,Sales & Business Development,318,6866,0.04631517623070201,20
2024-03-04,Software & IT,455,6866,0.06626856976405476,20
2024-03-04,Video & Animation,528,6866,0.07690066996795805,20
2024-03-04,Web Development,933,6866,0.13588697931838042,20
2024-03-04,Writing & Translation,520,6866,0.07573550830177687,20
2024-03-05,Admin & Customer Support,255,7005,0.03640256959314775,21
2024-03-05,Audio & Music,55,7005,0.007851534618129907,21
2024-03-05,Business & Consulting,99,7005,0.014132762312633832,21
2024-03-05,Data Science & Analytics,356,7005,0.05082084225553176,21
2024-03-05,Design & Creative,883,7005,0.12605281941470378,21
2024-03-05,Digital Marketing,698,7005,0.09964311206281228,21
2024-03-05,E-commerce,334,7005,0.0476802284082798,21
2024-03-05,Engineering & Manufacturing,41,7005,0.005852962169878658,21
2024-03-05,Finance & Accounting,177,7005,0.025267665952890792,21
2024-03-05,Game Development,27,7005,0.003854389721627409,21
2024-03-05,HR & Recruitment,37,7005,0.0052819414703783015,21
2024-03-05,Legal,67,7005,0.009564596716630978,21
2024-03-05,Mobile Development,302,7005,0.04311206281227695,21
2024-03-05,Other / Uncategorised,724,7005,0.10335474660956459,21
2024-03-05,Project Management,63,7005,0.008993576017130621,21
2024-03-05,Real Estate,46,7005,0.006566738044254105,21
2024-03-05,Research & Survey,104,7005,0.014846538187009279,21
2024-03-05,Sales & Business Development,317,7005,0.04525339043540328,21
2024-03-05,Software & IT,476,7005,0.06795146324054246,21
2024-03-05,Video & Animation,491,7005,0.0700927908636688,21
2024-03-05,Web Development,918,7005,0.1310492505353319,21
2024-03-05,Writing & Translation,535,7005,0.07637401855817273,21
2024-03-06,Admin & Customer Support,256,7027,0.03643090934965135,22
2024-03-06,Audio & Music,63,7027,0.008965419097765761,22
2024-03-06,Business & Consulting,81,7027,0.011526967411413121,22
2024-03-06,Data Science & Analytics,379,7027,0.05393482282624164,22
2024-03-06,Design & Creative,936,7027,0.13320051230966273,22
2024-03-06,Digital Marketing,692,7027,0.09847730183577628,22
2024-03-06,E-commerce,301,7027,0.04283478013376975,22
2024-03-06,Engineering & Manufacturing,31,7027,0.004411555429059343,22
2024-03-06,Finance & Accounting,180,7027,0.0256154831364736,22
2024-03-06,Game Development,39,7027,0.005550021346235947,22
2024-03-06,HR & Recruitment,44,7027,0.006261562544471325,22
2024-03-06,Legal,57,7027,0.008111569659883307,22
2024-03-06,Mobile Development,261,7027,0.03714245054788672,22
2024-03-06,Other / Uncategorised,687,7027,0.09776576063754092,22
2024-03-06,Project Management,72,7027,0.01024619325458944,22
2024-03-06,Real Estate,40,7027,0.005692329585883023,22
2024-03-06,Research & Survey,84,7027,0.011953892130354348,22
2024-03-06,Sales & Business Development,296,7027,0.042123238935534366,22
2024-03-06,Software & IT,503,7027,0.071581044542479,22
2024-03-06,Video & Animation,563,7027,0.08011953892130354,22
2024-03-06,Web Development,904,7027,0.12864664864095632,22
2024-03-06,Writing & Translation,558,7027,0.07940799772306817,22
2024-03-07,Admin & Customer Support,220,7046,0.031223389156968494,23
2024-03-07,Audio & Music,57,7046,0.0080896962815782,23
2024-03-07,Business & Consulting,86,7046,0.012205506670451319,23
2024-03-07,Data Science & Analytics,423,7046,0.06003406187908033,23
2024-03-07,Design & Creative,912,7046,0.1294351405052512,23
2024-03-07,Digital Marketing,703,7046,0.09977292080613114,23
2024-03-07,E-commerce,374,7046,0.05307976156684644,23
2024-03-07,Engineering & Manufacturing,38,7046,0.005393130854385467,23
2024-03-07,Finance & Accounting,152,7046,0.02157252341754187,23
2024-03-07,Game Development,37,7046,0.005251206358217428,23
2024-03-07,HR & Recruitment,56,7046,0.007947771785410162,23
2024-03-07,Legal,58,7046,0.00823162077774624,23
2024-03-07,Mobile Development,337,7046,0.04782855520862901,23
2024-03-07,Other / Uncategorised,650,7046,0.09225092250922509,23
2024-03-07,Project Management,83,7046,0.011779733181947204,23
2024-03-07,Real Estate,48,7046,0.006812375816065853,23
2024-03-07,Research & Survey,93,7046,0.01319897814362759,23
2024-03-07,Sales & Business Development,321,7046,0.04555776326994039,23
2024-03-07,Software & IT,494,7046,0.07011070110701106,23
2024-03-07,Video & Animation,561,7046,0.07961964235026965,23
2024-03-07,Web Development,840,7046,0.11921657678115243,23
2024-03-07,Writing & Translation,503,7046,0.07138802157252341,23
2024-03-08,Admin & Customer Support,224,6449,0.03473406729725539,24
2024-03-08,Audio & Music,50,6449,0.007753140021708792,24
2024-03-08,Business & Consulting,73,6449,0.011319584431694837,24
2024-03-08,Data Science & Analytics,345,6449,0.053496666149790664,24
2024-03-08,Design & Creative,820,6449,0.12715149635602419,24
2024-03-08,Digital Marketing,673,6449,0.10435726469220034,24
2024-03-08,E-commerce,355,6449,0.055047294154132426,24
2024-03-08,Engineering & Manufacturing,33,6449,0.005117072414327802,24
2024-03-08,Finance & Accounting,156,6449,0.02418979686773143,24
2024-03-08,Game Development,41,6449,0.006357574817801209,24
2024-03-08,HR & Recruitment,51,6449,0.007908202822142968,24
2024-03-08,Legal,58,6449,0.008993642425182198,24
2024-03-08,Mobile Development,284,6449,0.04403783532330594,24
2024-03-08,Other / Uncategorised,655,6449,0.10156613428438517,24
2024-03-08,Project Management,62,6449,0.009613893626918902,24
2024-03-08,Real Estate,42,6449,0.006512637618235386,24
2024-03-08,Research & Survey,84,6449,0.013025275236470771,24
2024-03-08,Sales & Business Development,264,6449,0.04093657931462242,24
2024-03-08,Software & IT,444,6449,0.06884788339277408,24
2024-03-08,Video & Animation,463,6449,0.07179407660102341,24
2024-03-08,Web Development,794,6449,0.12311986354473561,24
2024-03-08,Writing & Translation,478,6449,0.07412001860753606,24
2024-03-09,Admin & Customer Support,154,4808,0.032029950083194675,25
2024-03-09,Audio & Music,40,4808,0.008319467554076539,25
2024-03-09,Business & Consulting,59,4808,0.012271214642262895,25
2024-03-09,Data Science & Analytics,266,4808,0.055324459234608984,25
2024-03-09,Design & Creative,639,4808,0.1329034941763727,25
2024-03-09,Digital Marketing,487,4808,0.10128951747088186,25
2024-03-09,E-commerce,256,4808,0.05324459234608985,25
2024-03-09,Engineering & Manufacturing,14,4808,0.0029118136439267887,25
2024-03-09,Finance & Accounting,95,4808,0.01975873544093178,25
2024-03-09,Game Development,31,4808,0.006447587354409318,25
2024-03-09,HR & Recruitment,35,4808,0.007279534109816971,25
2024-03-09,Legal,30,4808,0.006239600665557404,25
2024-03-09,Mobile Development,238,4808,0.049500831946755405,25
2024-03-09,Other / Uncategorised,516,4808,0.10732113144758736,25
2024-03-09,Project Management,38,4808,0.007903494176372712,25
2024-03-09,Real Estate,28,4808,0.005823627287853577,25
2024-03-09,Research & Survey,55,4808,0.011439267886855242,25
2024-03-09,Sales & Business Development,188,4808,0.039101497504159734,25
2024-03-09,Software & IT,303,4808,0.06301996672212978,25
2024-03-09,Video & Animation,414,4808,0.08610648918469219,25
2024-03-09,Web Development,566,4808,0.11772046589018303,25
2024-03-09,Writing & Translation,356,4808,0.0740432612312812,25
2024-03-10,Admin & Customer Support,154,4518,0.03408587870739265,26
2024-03-10,Audio & Music,47,4518,0.01040283311199646,26
2024-03-10,Business & Consulting,48,4518,0.010624169986719787,26
2024-03-10,Data Science & Analytics,280,4518,0.0619743249225321,26
2024-03-10,Design & Creative,619,4518,0.1370075254537406,26
2024-03-10,Digital Marketing,483,4518,0.10690571049136786,26
2024-03-10,E-commerce,256,4518,0.0566622399291722,26
2024-03-10,Engineering & Manufacturing,17,4518,0.0037627268702965914,26
2024-03-10,Finance & Accounting,78,4518,0.017264276228419653,26
2024-03-10,Game Development,25,4518,0.005533421868083223,26
2024-03-10,HR & Recruitment,31,4518,0.006861443116423196,26
2024-03-10,Legal,32,4518,0.007082779991146525,26
2024-03-10,Mobile Development,215,4518,0.04758742806551571,26
2024-03-10,Other / Uncategorised,406,4518,0.08986277113767153,26
2024-03-10,Project Management,46,4518,0.01018149623727313,26
2024-03-10,Real Estate,14,4518,0.003098716246126605,26
2024-03-10,Research & Survey,54,4518,0.01195219123505976,26
2024-03-10,Sales & Business Development,178,4518,0.03939796370075255,26
2024-03-10,Software & IT,271,4518,0.05998229305002213,26
2024-03-10,Video & Animation,375,4518,0.08300132802124834,26
2024-03-10,Web Development,543,4518,0.1201859229747676,26
2024-03-10,Writing & Translation,346,4518,0.0765825586542718,26
2024-03-11,Admin & Customer Support,262,6826,0.038382654556108994,27
2024-03-11,Audio & Music,62,6826,0.009082918253735717,27
2024-03-11,Business & Consulting,82,6826,0.012012891883973044,27
2024-03-11,Data Science & Analytics,341,6826,0.04995605039554644,27
2024-03-11,Design & Creative,894,6826,0.13096982127160856,27
2024-03-11,Digital Marketing,739,6826,0.10826252563726926,27
2024-03-11,E-commerce,377,6826,0.05523000292997363,27
2024-03-11,Engineering & Manufacturing,28,6826,0.004101963082332259,27
2024-03-11,Finance & Accounting,153,6826,0.02241429827131556,27
2024-03-11,Game Development,42,6826,0.006152944623498389,27
2024-03-11,HR & Recruitment,47,6826,0.00688543803105772,27
2024-03-11,Legal,58,6826,0.00849692352768825,27
2024-03-11,Mobile Development,283,6826,0.04145912686785819,27
2024-03-11,Other / Uncategorised,622,6826,0.09112217990038089,27
2024-03-11,Project Management,66,6826,0.009668912979783182,27
2024-03-11,Real Estate,45,6826,0.006592440668033987,27
2024-03-11,Research & Survey,97,6826,0.01421037210665104,27
2024-03-11,Sales & Business Development,316,6826,0.04629358335774978,27
2024-03-11,Software & IT,422,6826,0.06182244359800762,27
2024-03-11,Video & Animation,538,6826,0.07881629065338412,27
2024-03-11,Web Development,826,6826,0.12100791092880164,27
2024-03-11,Writing & Translation,526,6826,0.07705830647524173,27
2024-03-12,Admin & Customer Support,252,7060,0.035694050991501414,28
2024-03-12,Audio & Music,72,7060,0.010198300283286119,28
2024-03-12,Business & Consulting,85,7060,0.012039660056657223,28
2024-03-12,Data Science & Analytics,398,7060,0.05637393767705382,28
2024-03-12,Design & Creative,963,7060,0.13640226628895183,28
2024-03-12,Digital Marketing,682,7060,0.09660056657223796,28
2024-03-12,E-commerce,402,7060,0.05694050991501416,28
2024-03-12,Engineering & Manufacturing,50,7060,0.007082152974504249,28
2024-03-12,Finance & Accounting,143,7060,0.020254957507082155,28
2024-03-12,Game Development,35,7060,0.004957507082152974,28
2024-03-12,HR & Recruitment,50,7060,0.007082152974504249,28
2024-03-12,Legal,54,7060,0.00764872521246459,28
2024-03-12,Mobile Development,295,7060,0.04178470254957507,28
2024-03-12,Other / Uncategorised,631,7060,0.08937677053824362,28
2024-03-12,Project Management,55,7060,0.007790368271954674,28
2024-03-12,Real Estate,40,7060,0.0056657223796034,28
2024-03-12,Research & Survey,103,7060,0.014589235127478754,28
2024-03-12,Sales & Business Development,301,7060,0.04263456090651558,28
2024-03-12,Software & IT,510,7060,0.07223796033994334,28
2024-03-12,Video & Animation,526,7060,0.0745042492917847,28
2024-03-12,Web Development,839,7060,0.1188385269121813,28
2024-03-12,Writing & Translation,574,7060,0.08130311614730878,28
2024-03-13,Admin & Customer Support,247,6918,0.035703960682278116,29
2024-03-13,Audio & Music,60,6918,0.008673026886383347,29
2024-03-13,Business & Consulting,97,6918,0.014021393466319745,29
2024-03-13,Data Science & Analytics,382,6918,0.055218271176640646,29
2024-03-13,Design & Creative,866,6918,0.125180688060133,29
2024-03-13,Digital Marketing,725,6918,0.10479907487713212,29
2024-03-13,E-commerce,338,6918,0.04885805145995953,29
2024-03-13,Engineering & Manufacturing,32,6918,0.004625614339404453,29
2024-03-13,Finance & Accounting,142,6918,0.020526163631107257,29
2024-03-13,Game Development,40,6918,0.005782017924255565,29
2024-03-13,HR & Recruitment,52,6918,0.007516623301532235,29
2024-03-13,Legal,37,6918,0.005348366579936398,29
2024-03-13,Mobile Development,301,6918,0.04350968488002313,29
2024-03-13,Other / Uncategorised,676,6918,0.09771610291991906,29
2024-03-13,Project Management,68,6918,0.009829430471234461,29
2024-03-13,Real Estate,31,6918,0.004481063891298063,29
2024-03-13,Research & Survey,69,6918,0.00997398091934085,29
2024-03-13,Sales & Business Development,315,6918,0.04553339115351258,29
2024-03-13,Software & IT,482,6918,0.06967331598727956,29
2024-03-13,Video & Animation,525,6918,0.07588898525585429,29
2024-03-13,Web Development,868,6918,0.12546978895634575,29
2024-03-13,Writing & Translation,565,6918,0.08167100318010986,29
2024-03-14,Admin & Customer Support,203,6792,0.029888103651354535,30
2024-03-14,Audio & Music,58,6792,0.008539458186101296,30
2024-03-14,Business & Consulting,74,6792,0.010895170789163721,30
2024-03-14,Data Science & Analytics,409,6792,0.06021790341578327,30
2024-03-14,Design & Creative,845,6792,0.12441107184923439,30
2024-03-14,Digital Marketing,710,6792,0.10453474676089516,30
2024-03-14,E-commerce,339,6792,0.04991166077738516,30
2024-03-14,Engineering & Manufacturing,27,6792,0.003975265017667844,30
2024-03-14,Finance & Accounting,137,6792,0.020170789163722027,30
2024-03-14,Game Development,33,6792,0.004858657243816254,30
2024-03-14,HR & Recruitment,61,6792,0.0089811542991755,30
2024-03-14,Legal,63,6792,0.009275618374558304,30
2024-03-14,Mobile Development,296,6792,0.043580683156654886,30
2024-03-14,Other / Uncategorised,628,6792,0.09246171967020024,30
2024-03-14,Project Management,61,6792,0.0089811542991755,30
2024-03-14,Real Estate,49,6792,0.007214369846878681,30
2024-03-14,Research & Survey,94,6792,0.013839811542991754,30
2024-03-14,Sales & Business Development,301,6792,0.0443168433451119,30
2024-03-14,Software & IT,465,6792,0.06846289752650177,30
2024-03-14,Video & Animation,520,6792,0.07656065959952886,30
2024-03-14,Web Development,886,6792,0.13044758539458187,30
2024-03-14,Writing & Translation,533,6792,0.07847467608951708,30
2024-03-15,Admin & Customer Support,219,6329,0.03460262284721125,31
2024-03-15,Audio & Music,37,6329,0.005846105229894138,31
2024-03-15,Business & Consulting,83,6329,0.013114236056249012,31
2024-03-15,Data Science & Analytics,339,6329,0.0535629641333544,31
2024-03-15,Design & Creative,783,6329,0.12371622689208406,31
2024-03-15,Digital Marketing,645,6329,0.10191183441301943,31
2024-03-15,E-commerce,326,6329,0.051508927160688896,31
2024-03-15,Engineering & Manufacturing,23,6329,0.0036340654131774373,31
2024-03-15,Finance & Accounting,148,6329,0.023384420919576553,31
2024-03-15,Game Development,40,6329,0.006320113762047717,31
2024-03-15,HR & Recruitment,53,6329,0.008374150734713225,31
2024-03-15,Legal,42,6329,0.006636119450150102,31
2024-03-15,Mobile Development,250,6329,0.03950071101279823,31
2024-03-15,Other / Uncategorised,649,6329,0.10254384578922421,31
2024-03-15,Project Management,68,6329,0.01074419339548112,31
2024-03-15,Real Estate,27,6329,0.004266076789382209,31
2024-03-15,Research & Survey,77,6329,0.012166218991941855,31
2024-03-15,Sales & Business Development,292,6329,0.046136830462948336,31
2024-03-15,Software & IT,429,6329,0.06778322009796177,31
2024-03-15,Video & Animation,488,6329,0.07710538789698214,31
2024-03-15,Web Development,790,6329,0.1248222468004424,31
2024-03-15,Writing & Translation,521,6329,0.08231948175067151,31
2024-03-16,Admin & Customer Support,125,4605,0.02714440825190011,32
2024-03-16,Audio & Music,25,4605,0.0054288816503800215,32
2024-03-16,Business & Consulting,62,4605,0.013463626492942454,32
2024-03-16,Data Science & Analytics,246,4605,0.053420195439739415,32
2024-03-16,Design & Creative,597,4605,0.12964169381107493,32
2024-03-16,Digital Marketing,480,4605,0.10423452768729642,32
2024-03-16,E-commerce,249,4605,0.054071661237785014,32
2024-03-16,Engineering & Manufacturing,19,4605,0.004125950054288816,32
2024-03-16,Finance & Accounting,105,4605,0.02280130293159609,32
2024-03-16,Game Development,37,4605,0.008034744842562433,32
2024-03-16,HR & Recruitment,29,4605,0.006297502714440825,32
2024-03-16,Legal,27,4605,0.005863192182410423,32
2024-03-16,Mobile Development,206,4605,0.04473398479913138,32
2024-03-16,Other / Uncategorised,453,4605,0.098371335504886,32
2024-03-16,Project Management,35,4605,0.00760043431053203,32
2024-03-16,Real Estate,24,4605,0.005211726384364821,32
2024-03-16,Research & Survey,59,4605,0.012812160694896851,32
2024-03-16,Sales & Business Development,173,4605,0.03756786102062975,32
2024-03-16,Software & IT,322,4605,0.06992399565689468,32
2024-03-16,Video & Animation,373,4605,0.08099891422366992,32
2024-03-16,Web Development,635,4605,0.13789359391965256,32
2024-03-16,Writing & Translation,324,4605,0.07035830618892508,32
2024-03-17,Admin & Customer Support,135,4478,0.030147387226440375,33
2024-03-17,Audio & Music,32,4478,0.007146047342563644,33
2024-03-17,Business & Consulting,59,4478,0.013175524787851719,33
2024-03-17,Data Science & Analytics,251,4478,0.05605180884323359,33
2024-03-17,Design & Creative,594,4478,0.13264850379633766,33
2024-03-17,Digital Marketing,442,4478,0.09870477891916034,33
2024-03-17,E-commerce,220,4478,0.04912907548012506,33
2024-03-17,Engineering & Manufacturing,24,4478,0.005359535506922733,33
2024-03-17,Finance & Accounting,96,4478,0.021438142027690933,33
2024-03-17,Game Development,23,4478,0.00513622152746762,33
2024-03-17,HR & Recruitment,30,4478,0.006699419383653417,33
2024-03-17,Legal,42,4478,0.009379187137114784,33
2024-03-17,Mobile Development,189,4478,0.04220634211701652,33
2024-03-17,Other / Uncategorised,458,4478,0.10227780259044217,33
2024-03-17,Project Management,37,4478,0.008262617239839214,33
2024-03-17,Real Estate,22,4478,0.004912907548012505,33
2024-03-17,Research & Survey,48,4478,0.010719071013845467,33
2024-03-17,Sales & Business Development,192,4478,0.042876284055381866,33
2024-03-17,Software & IT,327,4478,0.07302367128182224,33
2024-03-17,Video & Animation,385,4478,0.08597588209021885,33
2024-03-17,Web Development,576,4478,0.1286288521661456,33
2024-03-17,Writing & Translation,296,4478,0.06610093791871371,33
2024-03-18,Admin & Customer Support,241,6811,0.035383937747760975,34
2024-03-18,Audio & Music,50,6811,0.007341065922771986,34
2024-03-18,Business & Consulting,68,6811,0.009983849654969902,34
2024-03-18,Data Science & Analytics,340,6811,0.04991924827484951,34
2024-03-18,Design & Creative,881,6811,0.1293495815592424,34
2024-03-18,Digital Marketing,711,6811,0.10438995742181764,34
2024-03-18,E-commerce,339,6811,0.04977242695639407,34
2024-03-18,Engineering & Manufacturing,23,6811,0.003376890324475114,34
2024-03-18,Finance & Accounting,160,6811,0.023491410952870356,34
2024-03-18,Game Development,41,6811,0.006019674056673029,34
2024-03-18,HR & Recruitment,44,6811,0.0064601380120393485,34
2024-03-18,Legal,57,6811,0.008368815151960064,34
2024-03-18,Mobile Development,316,6811,0.046395536631918956,34
2024-03-18,Other / Uncategorised,711,6811,0.10438995742181764,34
2024-03-18,Project Management,60,6811,0.008809279107326384,34
2024-03-18,Real Estate,58,6811,0.008515636470415503,34
2024-03-18,Research & Survey,101,6811,0.014828953163999412,34
2024-03-18,Sales & Business Development,323,6811,0.047423285861107035,34
2024-03-18,Software & IT,495,6811,0.07267655263544266,34
2024-03-18,Video & Animation,494,6811,0.07252973131698723,34
2024-03-18,Web Development,848,6811,0.12450447805021289,34
2024-03-18,Writing & Translation,450,6811,0.06606959330494788,34
2024-03-19,Admin & Customer Support,256,6906,0.03706921517520996,35
2024-03-19,Audio & Music,66,6906,0.009556907037358819,35
2024-03-19,Business & Consulting,79,6906,0.01143932812047495,35
2024-03-19,Data Science & Analytics,395,6906,0.05719664060237475,35
2024-03-19,Design & Creative,832,6906,0.12047494931943238,35
2024-03-19,Digital Marketing,723,6906,0.10469157254561251,35
2024-03-19,E-commerce,351,6906,0.05082536924413553,35
2024-03-19,Engineering & Manufacturing,26,6906,0.003764842166232262,35
2024-03-19,Finance & Accounting,149,6906,0.021575441644946423,35
2024-03-19,Game Development,47,6906,0.006805676223573704,35
2024-03-19,HR & Recruitment,47,6906,0.006805676223573704,35
2024-03-19,Legal,62,6906,0.008977700550246163,35
2024-03-19,Mobile Development,278,6906,0.04025485085432957,35
2024-03-19,Other / Uncategorised,718,6906,0.10396756443672169,35
2024-03-19,Project Management,59,6906,0.008543295684911672,35
2024-03-19,Real Estate,37,6906,0.005357660005792065,35
2024-03-19,Research & Survey,88,6906,0.012742542716478424,35
2024-03-19,Sales & Business Development,291,6906,0.0421372719374457,35
2024-03-19,Software & IT,469,6906,0.06791196061395888,35
2024-03-19,Video & Animation,530,6906,0.07674485954242688,35
2024-03-19,Web Development,876,6906,0.1268462206776716,35
2024-03-19,Writing & Translation,527,6906,0.07631045467709238,35
2024-03-20,Admin & Customer Support,226,6839,0.033045766924989034,36
2024-03-20,Audio & Music,51,6839,0.0074572305892674365,36
2024-03-20,Business & Consulting,77,6839,0.011258955987717503,36
2024-03-20,Data Science & Analytics,390,6839,0.05702588097675099,36
2024-03-20,Design & Creative,806,6839,0.11785348735195204,36
2024-03-20,Digital Marketing,685,6839,0.10016084222839597,36
2024-03-20,E-commerce,394,6839,0.057610761807281766,36
2024-03-20,Engineering & Manufacturing,40,6839,0.005848808305307793,36
2024-03-20,Finance & Accounting,146,6839,0.021348150314373447,36
2024-03-20,Game Development,43,6839,0.006287468928205878,36
2024-03-20,HR & Recruitment,54,6839,0.007895891212165522,36
2024-03-20,Legal,52,6839,0.007603450796900131,36
2024-03-20,Mobile Development,281,6839,0.04108787834478725,36
2024-03-20,Other / Uncategorised,676,6839,0.0988448603597017,36
2024-03-20,Project Management,67,6839,0.009796753911390553,36
2024-03-20,Real Estate,45,6839,0.006579909343471268,36
2024-03-20,Research & Survey,99,6839,0.014475800555636789,36
2024-03-20,Sales & Business Development,353,6839,0.05161573329434128,36
2024-03-20,Software & IT,455,6839,0.06653019447287616,36
2024-03-20,Video & Animation,487,6839,0.07120924111712239,36
2024-03-20,Web Development,915,6839,0.13379148998391577,36
2024-03-20,Writing & Translation,497,6839,0.07267144319344933,36
2024-03-21,Admin & Customer Support,243,6814,0.03566187261520399,37
2024-03-21,Audio & Music,62,6814,0.009098914000587027,37
2024-03-21,Business & Consulting,87,6814,0.012767830936307602,37
2024-03-21,Data Science & Analytics,364,6814,0.05341943058409158,37
2024-03-21,Design & Creative,866,6814,0.12709128265336073,37
2024-03-21,Digital Marketing,700,6814,0.1027296742001761,37
2024-03-21,E-commerce,398,6814,0.05840915761667156,37
2024-03-21,Engineering & Manufacturing,25,6814,0.003668916935720575,37
2024-03-21,Finance & Accounting,128,6814,0.018784854710889344,37
2024-03-21,Game Development,44,6814,0.006457293806868212,37
2024-03-21,HR & Recruitment,42,6814,0.006163780452010567,37
2024-03-21,Legal,40,6814,0.0058702670971529205,37
2024-03-21,Mobile Development,303,6814,0.044467273260933374,37
2024-03-21,Other / Uncategorised,654,6814,0.09597886703845025,37
2024-03-21,Project Management,58,6814,0.008511887290871734,37
2024-03-21,Real Estate,51,6814,0.007484590548869974,37
2024-03-21,Research & Survey,90,6814,0.013208100968594072,37
2024-03-21,Sales & Business Development,326,6814,0.0478426768417963,37
2024-03-21,Software & IT,474,6814,0.0695626651012621,37
2024-03-21,Video & Animation,510,6814,0.07484590548869974,37
2024-03-21,Web Development,825,6814,0.12107425887877898,37
2024-03-21,Writing & Translation,524,6814,0.07690049897270326,37
2024-03-22,Admin & Customer Support,191,6208,0.03076675257731959,38
2024-03-22,Audio & Music,55,6208,0.008859536082474227,38
2024-03-22,Business & Consulting,75,6208,0.01208118556701031,38
2024-03-22,Data Science & Analytics,387,6208,0.062338917525773196,38
2024-03-22,Design & Creative,787,6208,0.12677190721649484,38
2024-03-22,Digital Marketing,564,6208,0.09085051546391752,38
2024-03-22,E-commerce,309,6208,0.04977448453608247,38
2024-03-22,Engineering & Manufacturing,25,6208,0.004027061855670103,38
2024-03-22,Finance & Accounting,147,6208,0.023679123711340205,38
2024-03-22,Game Development,50,6208,0.008054123711340205,38
2024-03-22,HR & Recruitment,31,6208,0.0049935567010309274,38
2024-03-22,Legal,55,6208,0.008859536082474227,38
2024-03-22,Mobile Development,279,6208,0.04494201030927835,38
2024-03-22,Other / Uncategorised,664,6208,0.10695876288659793,38
2024-03-22,Project Management,68,6208,0.01095360824742268,38
2024-03-22,Real Estate,35,6208,0.005637886597938144,38
2024-03-22,Research & Survey,92,6208,0.014819587628865979,38
2024-03-22,Sales & Business Development,264,6208,0.04252577319587629,38
2024-03-22,Software & IT,452,6208,0.07280927835051547,38
2024-03-22,Video & Animation,459,6208,0.0739368556701031,38
2024-03-22,Web Development,773,6208,0.12451675257731959,38
2024-03-22,Writing & Translation,446,6208,0.07184278350515463,38
2024-03-23,Admin & Customer Support,149,4531,0.03288457294195542,39
2024-03-23,Audio & Music,42,4531,0.009269476936658574,39
2024-03-23,Business & Consulting,59,4531,0.013021408077687044,39
2024-03-23,Data Science & Analytics,252,4531,0.05561686161995145,39
2024-03-23,Design & Creative,610,4531,0.13462811741337452,39
2024-03-23,Digital Marketing,502,4531,0.11079231957625248,39
2024-03-23,E-commerce,239,4531,0.05274773780622379,39
2024-03-23,Engineering & Manufacturing,17,4531,0.0037519311410284706,39
2024-03-23,Finance & Accounting,99,4531,0.02184948135069521,39
2024-03-23,Game Development,20,4531,0.004414036636504083,39
2024-03-23,HR & Recruitment,30,4531,0.006621054954756124,39
2024-03-23,Legal,35,4531,0.007724564113882146,39
2024-03-23,Mobile Development,204,4531,0.04502317369234165,39
2024-03-23,Other / Uncategorised,451,4531,0.09953652615316708,39
2024-03-23,Project Management,31,4531,0.006841756786581329,39
2024-03-23,Real Estate,17,4531,0.0037519311410284706,39
2024-03-23,Research & Survey,60,4531,0.013242109909512249,39
2024-03-23,Sales & Business Development,204,4531,0.04502317369234165,39
2024-03-23,Software & IT,269,4531,0.059368792760979915,39
2024-03-23,Video & Animation,391,4531,0.08629441624365482,39
2024-03-23,Web Development,574,4531,0.12668285146766717,39
2024-03-23,Writing & Translation,276,4531,0.06091370558375635,39
